jahr,bfs_nummer,gemeinde,ds10630_avg_haushaltsgrosse,ds10080_anteil_auslaender_pct,ds10080_anteil_schweizer_pct,ds10060_1_person,ds10060_2_personen,ds10060_3_personen,ds10060_4_personen,ds10060_5_personen,ds10060_6_oder_mehr_personen,ds10080_ausland,ds10080_schweiz,ds10180_anzahl,ds10200_falle,ds10200_flache_in_m2,ds10200_quadratmeterpreis_chf,ds10230_neu_erstellte_wohnungen,ds10580_steuerfuss_ertrag_juristische_personen_prozent,ds10580_steuerfuss_kapital_juristische_personen_prozent,ds10580_steuerfuss_natuerliche_personen_prozent,ds10580_steuersatz_ertrag_juristische_personen_prozent,ds10580_steuersatz_kapital_juristische_personen_promille,ds10630_anzahl_steuerpflichtige,ds10630_steuerbares_einkommen_chf,ds10680_anfangsbestand,ds10680_geburten,ds10680_todesfaelle,ds10680_zuzuege,ds10680_wegzuege,ds10680_wanderungssaldo,ds10680_endbestand,ds12070_falle,ds12070_flache_in_m2,ds12070_quadratmeterpreis_chf,ds12880_anzahl_bewilligungen,ds12900_anzahl_bauprojekte,ds13010_1_2,ds13010_3,ds13010_4,ds13010_5plus,ds13010_total,ds13030_andere_situation_unbekannt,ds13030_genossenschafter_innen,ds13030_hauseigentuemer_innen,ds13030_mieter_innen_oder_untermieter_innen,ds13030_stockwerk_wohnungseigentuemer_innen,ds13030_total
2010,2841,Anwil,0.0,7.18,92.82,0.0,0.0,0.0,0.0,0.0,0.0,41.0,530.0,0.0,5.0,3500.0,319.0,2.0,0.0,0.0,60.0,4.5,3.5,0.0,0.0,2274,9,5,41,20,21,2299,5.0,3500.0,319.0,6.0,6,0.0,0.0,1464.3658752175895,0.0,1454.0502129122128,25.8304833263,0.0,103.1892220307,40.0775443967,0.0,174.7687801456
2011,2841,Anwil,0.0,6.81,93.19,0.0,0.0,0.0,0.0,0.0,0.0,40.0,547.0,0.0,0.0,0.0,0.0,2.0,0.0,0.0,60.0,4.5,2.75,0.0,0.0,2352,11,3,24,40,26,2344,0.0,0.0,0.0,13.0,13,0.0,0.0,1464.3658752175895,0.0,1454.0502129122128,25.8304833263,0.0,103.1892220307,40.0775443967,0.0,174.7687801456
2012,2841,Anwil,2.74,7.41,92.59,37.0,74.0,30.0,49.0,12.0,7.0,43.0,537.0,0.0,0.0,0.0,0.0,1.0,0.0,0.0,60.0,4.5,2.75,0.0,0.0,2317,4,4,32,31,17,2318,0.0,0.0,0.0,11.0,10,0.0,0.0,1464.3658752175895,0.0,1454.0502129122128,25.8304833263,0.0,103.1892220307,40.0775443967,0.0,174.7687801456
2013,2841,Anwil,2.67,7.04,92.96,43.0,74.0,35.0,48.0,11.0,6.0,41.0,541.0,0.0,3.0,2000.0,379.0,4.0,0.0,0.0,60.0,4.5,2.75,321.0,18561458.0,2322,2,3,27,18,15,2330,3.0,2000.0,379.0,7.0,9,0.0,0.0,1464.3658752175895,0.0,1454.0502129122128,25.8304833263,0.0,103.1892220307,40.0775443967,0.0,174.7687801456
2014,2841,Anwil,2.67,7.23,92.77,42.0,74.0,33.0,50.0,12.0,4.0,42.0,539.0,4.0,0.0,0.0,0.0,2.0,0.0,0.0,60.0,4.5,2.75,326.0,18252484.0,2329,5,1,19,33,16,2319,0.0,0.0,0.0,11.0,9,0.0,0.0,1464.3658752175895,0.0,1454.0502129122128,25.8304833263,0.0,103.1892220307,40.0775443967,0.0,174.7687801456
2015,2841,Anwil,2.59,7.02,92.98,48.0,74.0,40.0,44.0,13.0,3.0,41.0,543.0,0.0,0.0,0.0,0.0,2.0,0.0,0.0,60.0,4.5,2.75,332.0,18865555.0,2332,6,6,37,26,13,2343,0.0,0.0,0.0,6.0,8,0.0,0.0,0.0,0.0,1273.541876066167,16.4632264477,0.0,119.4595151053,36.9033629229,0.0,179.5210287499
2016,2841,Anwil,2.58,7.01,92.99,46.0,81.0,37.0,45.0,11.0,4.0,41.0,544.0,0.0,0.0,0.0,0.0,1.0,0.0,0.0,63.0,4.5,2.75,337.0,19573306.0,2339,2,4,22,23,13,2336,0.0,0.0,0.0,8.0,5,0.0,0.0,0.0,0.0,1273.541876066167,16.4632264477,0.0,119.4595151053,36.9033629229,0.0,179.5210287499
2017,2841,Anwil,2.55,6.21,93.79,49.0,80.0,34.0,42.0,15.0,2.0,36.0,544.0,0.0,0.0,0.0,0.0,0.0,0.0,0.0,63.0,4.5,2.75,335.0,18906350.0,2325,10,4,18,35,17,2314,0.0,0.0,0.0,7.0,8,0.0,0.0,0.0,0.0,1273.541876066167,16.4632264477,0.0,119.4595151053,36.9033629229,0.0,179.5210287499
2018,2841,Anwil,2.49,6.32,93.68,47.0,90.0,37.0,38.0,12.0,2.0,36.0,534.0,0.0,0.0,0.0,0.0,2.0,0.0,0.0,63.0,4.5,2.75,338.0,19748150.0,2285,2,3,24,32,16,2276,0.0,0.0,0.0,5.0,8,0.0,0.0,0.0,0.0,1273.541876066167,16.4632264477,0.0,119.4595151053,36.9033629229,0.0,179.5210287499
2019,2841,Anwil,2.44,6.06,93.94,53.0,86.0,39.0,31.0,12.0,4.0,34.0,527.0,0.0,0.0,0.0,0.0,0.0,0.0,0.0,63.0,4.5,2.75,339.0,18955513.0,2252,7,3,19,37,18,2238,0.0,0.0,0.0,12.0,9,0.0,0.0,0.0,0.0,1273.541876066167,16.4632264477,0.0,119.4595151053,36.9033629229,0.0,179.5210287499
2020,2841,Anwil,2.37,6.01,93.99,56.0,91.0,36.0,31.0,11.0,2.0,33.0,516.0,0.0,0.0,0.0,0.0,1.0,0.0,0.0,60.0,2.75,0.55,335.0,18989914.0,2204,2,2,22,33,17,2193,0.0,0.0,0.0,5.0,9,0.0,0.0,0.0,0.0,0.0,0.0,0.0,0.0,0.0,0.0,0.0
2021,2841,Anwil,2.36,5.24,94.76,55.0,90.0,35.0,30.0,9.0,3.0,28.0,506.0,0.0,0.0,0.0,0.0,2.0,0.0,0.0,60.0,2.75,0.55,324.0,19697088.0,2142,4,10,29,37,14,2128,0.0,0.0,0.0,5.0,3,0.0,0.0,0.0,0.0,0.0,0.0,0.0,0.0,0.0,0.0,0.0
2022,2841,Anwil,2.35,6.18,93.82,55.0,95.0,31.0,33.0,8.0,3.0,33.0,501.0,0.0,4.0,2600.0,390.0,1.0,0.0,0.0,60.0,2.75,0.55,314.0,19424990.0,2133,8,5,30,24,12,2142,5.0,2700.0,386.0,10.0,8,0.0,0.0,0.0,0.0,0.0,0.0,0.0,0.0,0.0,0.0,0.0
2023,2841,Anwil,2.33,7.38,92.62,55.0,106.0,21.0,35.0,9.0,3.0,40.0,502.0,0.0,0.0,0.0,0.0,1.0,40.0,50.0,60.0,0.0,0.0,0.0,0.0,2164,6,4,34,29,11,2171,0.0,0.0,0.0,3.0,6,0.0,0.0,0.0,0.0,0.0,0.0,0.0,0.0,0.0,0.0,0.0
2024,2841,Anwil,2.33,8.01,91.99,61.0,100.0,23.0,36.0,9.0,4.0,44.0,505.0,0.0,0.0,0.0,0.0,2.0,40.0,50.0,60.0,0.0,0.0,0.0,0.0,2188,8,2,35,24,11,2205,0.0,0.0,0.0,10.0,8,0.0,0.0,0.0,0.0,0.0,0.0,0.0,0.0,0.0,0.0,0.0
2025,2841,Anwil,0.0,0.0,0.0,0.0,0.0,0.0,0.0,0.0,0.0,0.0,0.0,0.0,0.0,0.0,0.0,0.0,40.0,50.0,60.0,0.0,0.0,0.0,0.0,1681,1,1,19,20,1,1680,0.0,0.0,0.0,0.0,1,0.0,0.0,0.0,0.0,0.0,0.0,0.0,0.0,0.0,0.0,0.0
2010,2821,Arisdorf,0.0,7.92,92.08,0.0,0.0,0.0,0.0,0.0,0.0,125.0,1453.0,0.0,9.0,3700.0,534.0,9.0,0.0,0.0,59.0,4.5,3.5,0.0,0.0,6314,11,9,86,91,17,6311,10.0,4200.0,523.0,38.0,26,0.0,1296.5454604608356,1486.2472477473036,1738.612926007518,1323.4870880043466,44.5514568311,0.0,463.2345985752,114.0803341321,46.1701982985,668.0365878369
2011,2821,Arisdorf,0.0,8.41,91.59,0.0,0.0,0.0,0.0,0.0,0.0,134.0,1460.0,0.0,7.0,1700.0,622.0,35.0,0.0,0.0,59.0,4.5,2.75,0.0,0.0,6361,13,9,122,100,34,6387,7.0,1700.0,622.0,12.0,15,0.0,1296.5454604608356,1486.2472477473036,1738.612926007518,1323.4870880043466,44.5514568311,0.0,463.2345985752,114.0803341321,46.1701982985,668.0365878369
2012,2821,Arisdorf,2.49,8.62,91.38,131.0,267.0,95.0,96.0,34.0,13.0,140.0,1484.0,0.0,0.0,0.0,0.0,1.0,0.0,0.0,59.0,4.5,2.75,0.0,0.0,6487,17,8,129,119,38,6506,0.0,0.0,0.0,14.0,15,0.0,1296.5454604608356,1486.2472477473036,1738.612926007518,1323.4870880043466,44.5514568311,0.0,463.2345985752,114.0803341321,46.1701982985,668.0365878369
2013,2821,Arisdorf,2.46,9.19,90.81,140.0,271.0,91.0,97.0,33.0,13.0,149.0,1472.0,11.0,3.0,1400.0,398.0,0.0,0.0,0.0,59.0,4.5,2.75,959.0,67272696.0,6485,9,17,108,102,40,6483,4.0,2300.0,472.0,21.0,18,0.0,1296.5454604608356,1486.2472477473036,1738.612926007518,1323.4870880043466,44.5514568311,0.0,463.2345985752,114.0803341321,46.1701982985,668.0365878369
2014,2821,Arisdorf,2.49,9.49,90.51,139.0,263.0,84.0,108.0,34.0,12.0,154.0,1468.0,8.0,0.0,0.0,0.0,2.0,0.0,0.0,59.0,4.5,2.75,967.0,66006436.0,6489,16,15,107,108,45,6489,3.0,3600.0,424.0,10.0,12,0.0,1296.5454604608356,1486.2472477473036,1738.612926007518,1323.4870880043466,44.5514568311,0.0,463.2345985752,114.0803341321,46.1701982985,668.0365878369
2015,2821,Arisdorf,2.5,9.88,90.12,141.0,263.0,89.0,116.0,35.0,11.0,162.0,1478.0,11.0,0.0,0.0,0.0,8.0,0.0,0.0,59.0,4.5,2.75,982.0,68050162.0,6536,12,11,139,95,44,6581,0.0,0.0,0.0,21.0,21,0.0,1285.93126603988,1601.22218654899,1802.8749889660137,1492.762047163475,34.9043465486,0.0,379.9956032795,138.749765489,59.6266217782,613.2763370953
2016,2821,Arisdorf,2.49,10.82,89.18,142.0,262.0,104.0,102.0,36.0,12.0,180.0,1483.0,15.0,0.0,0.0,0.0,1.0,0.0,0.0,59.0,4.5,2.75,983.0,68597107.0,6652,12,12,109,111,6,6650,0.0,0.0,0.0,13.0,14,0.0,1285.93126603988,1601.22218654899,1802.8749889660137,1492.762047163475,34.9043465486,0.0,379.9956032795,138.749765489,59.6266217782,613.2763370953
2017,2821,Arisdorf,2.47,11.33,88.67,138.0,267.0,101.0,103.0,31.0,11.0,188.0,1471.0,5.0,0.0,0.0,0.0,0.0,0.0,0.0,59.0,4.5,2.75,971.0,69512272.0,6642,4,8,86,100,34,6624,0.0,0.0,0.0,19.0,23,0.0,1285.93126603988,1601.22218654899,1802.8749889660137,1492.762047163475,34.9043465486,0.0,379.9956032795,138.749765489,59.6266217782,613.2763370953
2018,2821,Arisdorf,2.46,11.08,88.92,151.0,256.0,102.0,107.0,29.0,12.0,183.0,1468.0,4.0,3.0,2100.0,556.0,9.0,0.0,0.0,59.0,4.5,2.75,1007.0,70704006.0,6599,14,17,127,117,20,6606,3.0,2100.0,556.0,11.0,11,0.0,1285.93126603988,1601.22218654899,1802.8749889660137,1492.762047163475,34.9043465486,0.0,379.9956032795,138.749765489,59.6266217782,613.2763370953
2019,2821,Arisdorf,2.42,11.51,88.49,150.0,277.0,111.0,92.0,29.0,13.0,192.0,1476.0,9.0,3.0,3600.0,769.0,9.0,0.0,0.0,59.0,4.5,2.75,1019.0,71871032.0,6666,9,8,115,105,36,6677,4.0,3900.0,748.0,12.0,12,0.0,1285.93126603988,1601.22218654899,1802.8749889660137,1492.762047163475,34.9043465486,0.0,379.9956032795,138.749765489,59.6266217782,613.2763370953
2020,2821,Arisdorf,2.41,11.67,88.33,165.0,282.0,105.0,98.0,33.0,12.0,194.0,1468.0,9.0,0.0,0.0,0.0,15.0,0.0,0.0,59.0,4.5,0.55,1057.0,71477535.0,6629,17,13,136,103,83,6666,0.0,0.0,0.0,17.0,16,0.0,0.0,0.0,0.0,0.0,0.0,0.0,0.0,0.0,0.0,0.0
2021,2821,Arisdorf,2.4,12.51,87.49,174.0,274.0,106.0,95.0,34.0,14.0,214.0,1497.0,6.0,0.0,0.0,0.0,3.0,0.0,0.0,59.0,4.5,0.55,1059.0,70501874.0,6840,17,10,105,101,30,6851,0.0,0.0,0.0,20.0,26,0.0,0.0,0.0,0.0,0.0,0.0,0.0,0.0,0.0,0.0,0.0
2022,2821,Arisdorf,2.41,13.27,86.73,177.0,272.0,99.0,108.0,30.0,14.0,227.0,1484.0,5.0,0.0,0.0,0.0,1.0,0.0,0.0,59.0,4.5,0.55,1051.0,74295978.0,6834,11,16,104,83,43,6850,0.0,0.0,0.0,20.0,15,0.0,0.0,0.0,0.0,0.0,0.0,0.0,0.0,0.0,0.0,0.0
2023,2821,Arisdorf,2.4,14.13,85.87,178.0,276.0,96.0,109.0,30.0,14.0,245.0,1489.0,0.0,0.0,0.0,0.0,1.0,55.0,55.0,59.0,0.0,0.0,0.0,0.0,6919,8,11,125,93,58,6948,0.0,0.0,0.0,12.0,11,0.0,0.0,0.0,0.0,0.0,0.0,0.0,0.0,0.0,0.0,0.0
2024,2821,Arisdorf,2.39,15.88,84.12,188.0,270.0,99.0,111.0,34.0,11.0,281.0,1489.0,0.0,0.0,0.0,0.0,5.0,55.0,55.0,59.0,0.0,0.0,0.0,0.0,7071,11,17,144,114,40,7095,0.0,0.0,0.0,15.0,14,0.0,0.0,0.0,0.0,0.0,0.0,0.0,0.0,0.0,0.0,0.0
2025,2821,Arisdorf,0.0,0.0,0.0,0.0,0.0,0.0,0.0,0.0,0.0,0.0,0.0,0.0,0.0,0.0,0.0,0.0,55.0,55.0,59.0,0.0,0.0,0.0,0.0,5262,8,14,95,125,40,5226,0.0,0.0,0.0,5.0,4,0.0,0.0,0.0,0.0,0.0,0.0,0.0,0.0,0.0,0.0,0.0
2010,2763,Arlesheim,0.0,19.41,80.59,0.0,0.0,0.0,0.0,0.0,0.0,1744.0,7243.0,0.0,5.0,6600.0,1096.0,35.0,0.0,0.0,45.0,4.0,3.5,0.0,0.0,35897,84,80,668,571,115,35998,6.0,10200.0,1045.0,55.0,49,1088.6179674259172,1321.7113204948791,1700.9157611053902,2486.6577254262943,1509.930258037844,90.9702670936,126.3240745233,1112.808428607,2257.4310365705,536.3149614865,4123.8487682809
2011,2763,Arlesheim,0.0,19.42,80.58,0.0,0.0,0.0,0.0,0.0,0.0,1750.0,7261.0,0.0,26.0,10000.0,1267.0,103.0,0.0,0.0,45.0,4.0,2.75,0.0,0.0,36043,62,110,688,641,179,36042,28.0,10200.0,1261.0,56.0,58,1088.6179674259172,1321.7113204948791,1700.9157611053902,2486.6577254262943,1509.930258037844,90.9702670936,126.3240745233,1112.808428607,2257.4310365705,536.3149614865,4123.8487682809
2012,2763,Arlesheim,2.19,19.2,80.8,1404.0,1434.0,537.0,510.0,139.0,47.0,1738.0,7312.0,0.0,15.0,5900.0,1388.0,62.0,0.0,0.0,45.0,4.0,2.75,0.0,0.0,36180,72,82,746,693,113,36222,19.0,6300.0,1359.0,47.0,40,1088.6179674259172,1321.7113204948791,1700.9157611053902,2486.6577254262943,1509.930258037844,90.9702670936,126.3240745233,1112.808428607,2257.4310365705,536.3149614865,4123.8487682809
2013,2763,Arlesheim,2.18,19.5,80.5,1417.0,1445.0,536.0,515.0,143.0,38.0,1774.0,7323.0,53.0,9.0,8300.0,1617.0,34.0,0.0,0.0,45.0,4.0,2.75,5779.0,477755096.0,36352,73,94,625,537,126,36419,12.0,22700.0,1523.0,34.0,39,1088.6179674259172,1321.7113204948791,1700.9157611053902,2486.6577254262943,1509.930258037844,90.9702670936,126.3240745233,1112.808428607,2257.4310365705,536.3149614865,4123.8487682809
2014,2763,Arlesheim,2.16,20.16,79.84,1482.0,1447.0,537.0,495.0,150.0,37.0,1847.0,7316.0,110.0,5.0,2200.0,1252.0,19.0,0.0,0.0,45.0,4.0,2.75,5821.0,496718823.0,36646,70,101,619,575,86,36659,6.0,3000.0,1056.0,42.0,30,1088.6179674259172,1321.7113204948791,1700.9157611053902,2486.6577254262943,1509.930258037844,90.9702670936,126.3240745233,1112.808428607,2257.4310365705,536.3149614865,4123.8487682809
2015,2763,Arlesheim,2.16,20.61,79.39,1505.0,1429.0,557.0,495.0,155.0,37.0,1895.0,7299.0,68.0,3.0,1800.0,1298.0,39.0,0.0,0.0,45.0,4.0,2.75,5879.0,496739455.0,36737,65,111,727,603,124,36815,3.0,1800.0,1298.0,35.0,43,1007.3237381705696,1382.098025347679,1712.0370042557065,2408.6305222418828,1483.157538475013,84.1078476148,129.1161343722,1036.1981265339,2609.0331141357,677.0121662103,4535.4673888669
2016,2763,Arlesheim,2.16,20.83,79.17,1521.0,1434.0,557.0,502.0,160.0,35.0,1929.0,7331.0,84.0,5.0,5400.0,1578.0,6.0,0.0,0.0,45.0,4.0,2.75,5899.0,499241113.0,37003,70,92,650,555,135,37076,6.0,6400.0,1469.0,50.0,51,1007.3237381705696,1382.098025347679,1712.0370042557065,2408.6305222418828,1483.157538475013,84.1078476148,129.1161343722,1036.1981265339,2609.0331141357,677.0121662103,4535.4673888669
2017,2763,Arlesheim,2.15,20.95,79.05,1556.0,1391.0,568.0,490.0,155.0,38.0,1939.0,7316.0,70.0,11.0,11300.0,1776.0,26.0,0.0,0.0,45.0,4.0,2.75,5763.0,501483957.0,37057,74,98,518,575,151,36976,12.0,13900.0,1717.0,38.0,38,1007.3237381705696,1382.098025347679,1712.0370042557065,2408.6305222418828,1483.157538475013,84.1078476148,129.1161343722,1036.1981265339,2609.0331141357,677.0121662103,4535.4673888669
2018,2763,Arlesheim,2.13,20.55,79.45,1573.0,1392.0,536.0,499.0,155.0,33.0,1890.0,7306.0,71.0,5.0,2100.0,1784.0,18.0,0.0,0.0,45.0,4.0,2.75,5838.0,556788234.0,36826,59,93,573,626,97,36739,10.0,17400.0,1167.0,45.0,49,1007.3237381705696,1382.098025347679,1712.0370042557065,2408.6305222418828,1483.157538475013,84.1078476148,129.1161343722,1036.1981265339,2609.0331141357,677.0121662103,4535.4673888669
2019,2763,Arlesheim,2.13,20.04,79.96,1592.0,1412.0,497.0,516.0,157.0,33.0,1831.0,7306.0,75.0,11.0,5800.0,1848.0,31.0,0.0,0.0,45.0,4.0,2.75,5898.0,516429749.0,36542,76,94,556,526,84,36554,13.0,19700.0,1655.0,50.0,48,1007.3237381705696,1382.098025347679,1712.0370042557065,2408.6305222418828,1483.157538475013,84.1078476148,129.1161343722,1036.1981265339,2609.0331141357,677.0121662103,4535.4673888669
2020,2763,Arlesheim,2.11,20.06,79.94,1641.0,1465.0,478.0,522.0,148.0,34.0,1841.0,7335.0,51.0,7.0,3400.0,2011.0,77.0,0.0,0.0,45.0,4.0,0.55,5970.0,493530482.0,36669,69,113,639,527,166,36737,8.0,9500.0,1330.0,43.0,48,0.0,0.0,0.0,0.0,0.0,0.0,0.0,0.0,0.0,0.0,0.0
2021,2763,Arlesheim,2.09,20.13,79.87,1692.0,1469.0,477.0,516.0,143.0,33.0,1860.0,7381.0,75.0,4.0,1700.0,1872.0,40.0,0.0,0.0,45.0,4.0,0.55,6000.0,501980688.0,36960,59,124,572,498,74,36969,4.0,1700.0,1872.0,48.0,51,0.0,0.0,0.0,0.0,0.0,0.0,0.0,0.0,0.0,0.0,0.0
2022,2763,Arlesheim,2.08,20.81,79.19,1714.0,1453.0,518.0,501.0,138.0,33.0,1942.0,7391.0,49.0,0.0,0.0,0.0,50.0,0.0,0.0,47.0,4.0,0.55,5988.0,520393307.0,37260,52,123,742,525,217,37406,3.0,2600.0,1265.0,51.0,50,0.0,0.0,0.0,0.0,0.0,0.0,0.0,0.0,0.0,0.0,0.0
2023,2763,Arlesheim,2.09,21.71,78.29,1719.0,1457.0,512.0,506.0,149.0,39.0,2042.0,7365.0,49.0,0.0,0.0,0.0,33.0,50.0,50.0,47.0,0.0,0.0,0.0,0.0,37612,56,110,617,528,97,37646,4.0,14600.0,964.0,30.0,30,0.0,0.0,0.0,0.0,0.0,0.0,0.0,0.0,0.0,0.0,0.0
2024,2763,Arlesheim,2.09,21.63,78.37,1730.0,1415.0,513.0,516.0,141.0,36.0,2025.0,7336.0,0.0,4.0,3500.0,2708.0,8.0,50.0,50.0,47.0,0.0,0.0,0.0,0.0,37489,62,103,522,572,76,37398,4.0,3500.0,2708.0,41.0,55,0.0,0.0,0.0,0.0,0.0,0.0,0.0,0.0,0.0,0.0,0.0
2025,2763,Arlesheim,0.0,0.0,0.0,0.0,0.0,0.0,0.0,0.0,0.0,0.0,0.0,0.0,0.0,0.0,0.0,0.0,50.0,50.0,47.0,0.0,0.0,0.0,0.0,27969,51,69,434,428,22,27957,0.0,0.0,0.0,25.0,17,0.0,0.0,0.0,0.0,0.0,0.0,0.0,0.0,0.0,0.0,0.0
2010,2822,Augst,0.0,17.42,82.58,0.0,0.0,0.0,0.0,0.0,0.0,154.0,730.0,0.0,0.0,0.0,0.0,0.0,0.0,0.0,53.0,4.2,3.5,0.0,0.0,3543,4,8,78,88,22,3529,0.0,0.0,0.0,6.0,9,818.2216878943115,1215.223100486456,1493.9017004690304,0.0,1186.0885709308052,0.0,0.0,167.9442383518,176.4828746598,128.290394845,474.8324982797
2011,2822,Augst,0.0,16.71,83.29,0.0,0.0,0.0,0.0,0.0,0.0,145.0,723.0,0.0,0.0,0.0,0.0,6.0,0.0,0.0,53.0,4.2,2.75,0.0,0.0,3487,3,14,74,91,45,3459,0.0,0.0,0.0,14.0,9,818.2216878943115,1215.223100486456,1493.9017004690304,0.0,1186.0885709308052,0.0,0.0,167.9442383518,176.4828746598,128.290394845,474.8324982797
2012,2822,Augst,1.94,16.29,83.71,166.0,170.0,46.0,27.0,11.0,2.0,138.0,709.0,0.0,0.0,0.0,0.0,0.0,0.0,0.0,53.0,4.2,2.75,0.0,0.0,3392,5,11,114,114,22,3386,0.0,0.0,0.0,5.0,11,818.2216878943115,1215.223100486456,1493.9017004690304,0.0,1186.0885709308052,0.0,0.0,167.9442383518,176.4828746598,128.290394845,474.8324982797
2013,2822,Augst,1.93,16.4,83.6,170.0,181.0,46.0,27.0,10.0,2.0,141.0,719.0,4.0,4.0,2400.0,734.0,6.0,0.0,0.0,53.0,4.2,2.75,572.0,35491408.0,3425,5,9,139,105,36,3455,5.0,15000.0,419.0,10.0,7,818.2216878943115,1215.223100486456,1493.9017004690304,0.0,1186.0885709308052,0.0,0.0,167.9442383518,176.4828746598,128.290394845,474.8324982797
2014,2822,Augst,1.92,17.53,82.47,166.0,177.0,43.0,26.0,8.0,3.0,152.0,715.0,4.0,0.0,0.0,0.0,3.0,0.0,0.0,53.0,4.2,2.75,561.0,34337081.0,3484,6,9,96,119,31,3458,0.0,0.0,0.0,7.0,7,818.2216878943115,1215.223100486456,1493.9017004690304,0.0,1186.0885709308052,0.0,0.0,167.9442383518,176.4828746598,128.290394845,474.8324982797
2015,2822,Augst,1.92,20.18,79.82,193.0,194.0,51.0,28.0,10.0,4.0,182.0,720.0,11.0,0.0,0.0,0.0,77.0,0.0,0.0,53.0,4.2,2.75,622.0,39023407.0,3553,6,10,203,92,111,3660,0.0,0.0,0.0,10.0,8,925.4045132897952,1193.9902211956553,1817.5578127265717,0.0,1397.6236808939434,0.0,0.0,144.5157956071,175.8336177587,120.9268685902,455.2517841756
2016,2822,Augst,1.94,21.46,78.54,190.0,217.0,56.0,29.0,8.0,5.0,214.0,783.0,0.0,0.0,0.0,0.0,0.0,0.0,0.0,53.0,4.2,2.75,649.0,42375444.0,3960,9,8,167,110,69,4018,0.0,0.0,0.0,10.0,9,925.4045132897952,1193.9902211956553,1817.5578127265717,0.0,1397.6236808939434,0.0,0.0,144.5157956071,175.8336177587,120.9268685902,455.2517841756
2017,2822,Augst,1.95,23.03,76.97,195.0,211.0,58.0,34.0,7.0,5.0,234.0,782.0,7.0,0.0,0.0,0.0,1.0,0.0,0.0,53.0,4.2,2.75,645.0,44048717.0,4061,11,9,104,99,17,4068,0.0,0.0,0.0,10.0,14,925.4045132897952,1193.9902211956553,1817.5578127265717,0.0,1397.6236808939434,0.0,0.0,144.5157956071,175.8336177587,120.9268685902,455.2517841756
2018,2822,Augst,1.94,22.84,77.16,202.0,213.0,53.0,35.0,8.0,6.0,233.0,787.0,0.0,0.0,0.0,0.0,14.0,0.0,0.0,53.0,4.2,2.75,668.0,43097304.0,4079,7,11,120,112,36,4083,0.0,0.0,0.0,14.0,11,925.4045132897952,1193.9902211956553,1817.5578127265717,0.0,1397.6236808939434,0.0,0.0,144.5157956071,175.8336177587,120.9268685902,455.2517841756
2019,2822,Augst,1.95,23.41,76.59,211.0,204.0,58.0,36.0,12.0,5.0,243.0,795.0,15.0,0.0,0.0,0.0,10.0,0.0,0.0,53.0,4.2,2.75,667.0,43974449.0,4141,10,12,134,106,30,4167,0.0,0.0,0.0,3.0,3,925.4045132897952,1193.9902211956553,1817.5578127265717,0.0,1397.6236808939434,0.0,0.0,144.5157956071,175.8336177587,120.9268685902,455.2517841756
2020,2822,Augst,1.97,24.53,75.47,222.0,189.0,63.0,41.0,12.0,6.0,259.0,797.0,8.0,0.0,0.0,0.0,0.0,0.0,0.0,53.0,4.2,0.55,675.0,43050824.0,4212,12,13,140,117,31,4234,0.0,0.0,0.0,5.0,11,0.0,0.0,0.0,0.0,0.0,0.0,0.0,0.0,0.0,0.0,0.0
2021,2822,Augst,1.97,25.68,74.32,222.0,185.0,57.0,48.0,9.0,6.0,273.0,790.0,0.0,0.0,0.0,0.0,2.0,0.0,0.0,53.0,4.2,0.55,681.0,43347533.0,4261,9,13,84,103,49,4238,0.0,0.0,0.0,11.0,11,0.0,0.0,0.0,0.0,0.0,0.0,0.0,0.0,0.0,0.0,0.0
2022,2822,Augst,1.98,25.98,74.02,232.0,168.0,58.0,48.0,12.0,8.0,279.0,795.0,0.0,0.0,0.0,0.0,0.0,0.0,0.0,53.0,4.2,0.55,687.0,44175142.0,4281,8,10,144,111,33,4312,0.0,0.0,0.0,9.0,5,0.0,0.0,0.0,0.0,0.0,0.0,0.0,0.0,0.0,0.0,0.0
2023,2822,Augst,1.99,26.81,73.19,231.0,185.0,51.0,50.0,13.0,9.0,293.0,800.0,6.0,0.0,0.0,0.0,1.0,55.0,55.0,53.0,0.0,0.0,0.0,0.0,4354,10,7,140,111,29,4386,0.0,0.0,0.0,6.0,7,0.0,0.0,0.0,0.0,0.0,0.0,0.0,0.0,0.0,0.0,0.0
2024,2822,Augst,1.99,28.38,71.62,230.0,183.0,55.0,46.0,14.0,9.0,313.0,790.0,0.0,0.0,0.0,0.0,0.0,55.0,55.0,53.0,0.0,0.0,0.0,0.0,4412,8,8,103,109,20,4406,0.0,0.0,0.0,8.0,7,0.0,0.0,0.0,0.0,0.0,0.0,0.0,0.0,0.0,0.0,0.0
2025,2822,Augst,0.0,0.0,0.0,0.0,0.0,0.0,0.0,0.0,0.0,0.0,0.0,0.0,0.0,0.0,0.0,0.0,55.0,55.0,53.0,0.0,0.0,0.0,0.0,3324,5,10,119,92,31,3346,0.0,0.0,0.0,6.0,5,0.0,0.0,0.0,0.0,0.0,0.0,0.0,0.0,0.0,0.0,0.0
2010,2849,Itingen,0.0,18.08,81.92,0.0,0.0,0.0,0.0,0.0,0.0,344.0,1559.0,0.0,24.0,7600.0,560.0,32.0,0.0,0.0,61.0,4.2,3.5,0.0,0.0,7558,19,12,243,147,96,7661,24.0,7600.0,560.0,16.0,21,1051.9704273007128,1267.191043090892,1541.5563574675448,2555.1939647091945,1552.719592121313,31.5847524119,0.0,501.5183316431,301.5254435743,21.497744242,862.4391690666
2011,2849,Itingen,0.0,18.67,81.33,0.0,0.0,0.0,0.0,0.0,0.0,371.0,1616.0,0.0,6.0,3400.0,579.0,5.0,0.0,0.0,61.0,4.2,2.75,0.0,0.0,7938,20,14,167,152,23,7959,8.0,9900.0,461.0,24.0,28,1051.9704273007128,1267.191043090892,1541.5563574675448,2555.1939647091945,1552.719592121313,31.5847524119,0.0,501.5183316431,301.5254435743,21.497744242,862.4391690666
2012,2849,Itingen,2.43,18.3,81.7,185.0,334.0,123.0,133.0,38.0,10.0,365.0,1630.0,0.0,3.0,2200.0,633.0,13.0,0.0,0.0,61.0,4.2,2.75,0.0,0.0,7963,19,7,188,168,54,7995,3.0,2200.0,633.0,20.0,18,1051.9704273007128,1267.191043090892,1541.5563574675448,2555.1939647091945,1552.719592121313,31.5847524119,0.0,501.5183316431,301.5254435743,21.497744242,862.4391690666
2013,2849,Itingen,2.42,19.19,80.81,192.0,343.0,121.0,131.0,39.0,11.0,391.0,1647.0,12.0,7.0,3500.0,596.0,10.0,0.0,0.0,63.0,4.2,2.75,1184.0,74430306.0,8136,16,16,172,139,43,8169,8.0,3600.0,593.0,30.0,28,1051.9704273007128,1267.191043090892,1541.5563574675448,2555.1939647091945,1552.719592121313,31.5847524119,0.0,501.5183316431,301.5254435743,21.497744242,862.4391690666
2014,2849,Itingen,2.41,19.57,80.43,200.0,332.0,133.0,136.0,39.0,7.0,404.0,1660.0,18.0,4.0,1600.0,627.0,4.0,0.0,0.0,63.0,4.2,2.75,1188.0,74031684.0,8243,24,9,150,143,15,8265,4.0,1600.0,627.0,22.0,21,1051.9704273007128,1267.191043090892,1541.5563574675448,2555.1939647091945,1552.719592121313,31.5847524119,0.0,501.5183316431,301.5254435743,21.497744242,862.4391690666
2015,2849,Itingen,2.41,19.45,80.55,198.0,330.0,143.0,128.0,37.0,9.0,402.0,1665.0,16.0,0.0,0.0,0.0,6.0,0.0,0.0,63.0,4.2,2.75,1168.0,73285644.0,8275,16,16,140,156,42,8259,3.0,10500.0,661.0,14.0,12,926.0543826262624,1213.156885322415,1622.1017378364234,1924.249972865453,1386.8300826442392,35.6576881204,0.0,498.1526279222,313.3893041954,26.219159571,873.418779809
2016,2849,Itingen,2.42,20.06,79.94,196.0,344.0,132.0,139.0,39.0,8.0,419.0,1670.0,15.0,0.0,0.0,0.0,2.0,0.0,0.0,63.0,4.2,2.75,1185.0,76399491.0,8331,23,11,160,128,34,8375,0.0,0.0,0.0,16.0,22,926.0543826262624,1213.156885322415,1622.1017378364234,1924.249972865453,1386.8300826442392,35.6576881204,0.0,498.1526279222,313.3893041954,26.219159571,873.418779809
2017,2849,Itingen,2.41,20.78,79.22,206.0,336.0,124.0,143.0,39.0,8.0,437.0,1666.0,7.0,0.0,0.0,0.0,0.0,0.0,0.0,63.0,4.2,2.75,1175.0,76853016.0,8414,23,11,131,153,74,8404,3.0,2600.0,489.0,23.0,25,926.0543826262624,1213.156885322415,1622.1017378364234,1924.249972865453,1386.8300826442392,35.6576881204,0.0,498.1526279222,313.3893041954,26.219159571,873.418779809
2018,2849,Itingen,2.46,20.93,79.07,195.0,343.0,130.0,147.0,39.0,13.0,443.0,1674.0,4.0,5.0,3000.0,701.0,20.0,0.0,0.0,63.0,4.2,2.75,1232.0,77294202.0,8435,25,10,197,149,58,8498,9.0,11700.0,575.0,27.0,21,926.0543826262624,1213.156885322415,1622.1017378364234,1924.249972865453,1386.8300826442392,35.6576881204,0.0,498.1526279222,313.3893041954,26.219159571,873.418779809
2019,2849,Itingen,2.4,20.33,79.67,220.0,346.0,128.0,146.0,37.0,11.0,441.0,1728.0,11.0,3.0,2500.0,675.0,14.0,0.0,0.0,63.0,4.2,2.75,1223.0,79357141.0,8676,16,13,143,145,34,8677,4.0,9700.0,657.0,13.0,18,926.0543826262624,1213.156885322415,1622.1017378364234,1924.249972865453,1386.8300826442392,35.6576881204,0.0,498.1526279222,313.3893041954,26.219159571,873.418779809
2020,2849,Itingen,2.39,20.21,79.79,222.0,369.0,116.0,151.0,35.0,12.0,440.0,1737.0,6.0,16.0,5800.0,718.0,11.0,0.0,0.0,63.0,4.2,0.55,1261.0,80438798.0,8696,17,11,165,142,25,8725,16.0,5800.0,718.0,23.0,21,0.0,0.0,0.0,0.0,0.0,0.0,0.0,0.0,0.0,0.0,0.0
2021,2849,Itingen,2.35,19.96,80.04,252.0,390.0,130.0,152.0,40.0,10.0,446.0,1788.0,12.0,0.0,0.0,0.0,99.0,0.0,0.0,63.0,4.2,0.55,1343.0,85701337.0,8870,15,18,286,154,176,8999,3.0,8200.0,659.0,20.0,18,0.0,0.0,0.0,0.0,0.0,0.0,0.0,0.0,0.0,0.0,0.0
2022,2849,Itingen,2.32,20.67,79.33,274.0,389.0,121.0,163.0,38.0,7.0,486.0,1865.0,11.0,0.0,0.0,0.0,1.0,0.0,0.0,63.0,4.2,0.55,1368.0,90050201.0,9387,16,22,215,180,55,9416,0.0,0.0,0.0,21.0,25,0.0,0.0,0.0,0.0,0.0,0.0,0.0,0.0,0.0,0.0,0.0
2023,2849,Itingen,2.34,21.47,78.53,277.0,406.0,131.0,167.0,39.0,11.0,516.0,1887.0,12.0,8.0,6400.0,769.0,55.0,55.0,55.0,63.0,0.0,0.0,0.0,0.0,9564,21,14,256,170,86,9657,9.0,7100.0,782.0,14.0,15,0.0,0.0,0.0,0.0,0.0,0.0,0.0,0.0,0.0,0.0,0.0
2024,2849,Itingen,2.33,22.07,77.93,286.0,405.0,134.0,172.0,42.0,7.0,547.0,1931.0,0.0,0.0,0.0,0.0,3.0,55.0,55.0,63.0,0.0,0.0,0.0,0.0,9888,20,15,180,143,53,9930,4.0,20500.0,685.0,17.0,15,0.0,0.0,0.0,0.0,0.0,0.0,0.0,0.0,0.0,0.0,0.0
2025,2849,Itingen,0.0,0.0,0.0,0.0,0.0,0.0,0.0,0.0,0.0,0.0,0.0,0.0,0.0,0.0,0.0,0.0,55.0,55.0,63.0,0.0,0.0,0.0,0.0,7474,20,15,115,105,36,7489,0.0,0.0,0.0,6.0,4,0.0,0.0,0.0,0.0,0.0,0.0,0.0,0.0,0.0,0.0,0.0
2010,2829,Liestal,0.0,25.51,74.49,0.0,0.0,0.0,0.0,0.0,0.0,3480.0,10162.0,0.0,22.0,8200.0,729.0,33.0,0.0,0.0,66.0,5.0,3.5,0.0,0.0,54509,150,96,1117,1056,137,54624,27.0,18600.0,624.0,109.0,97,1014.5773047916024,1277.02309808235,1506.4106751080935,1991.0065492559377,1344.425142041142,194.8598209036,99.3975706127,1475.8089733125,3345.6482790879,616.0010984834,5731.7157424001
2011,2829,Liestal,0.0,25.71,74.29,0.0,0.0,0.0,0.0,0.0,0.0,3527.0,10193.0,0.0,18.0,10200.0,784.0,79.0,0.0,0.0,66.0,5.0,2.75,0.0,0.0,54873,139,97,1085,1121,236,54879,21.0,42800.0,914.0,99.0,106,1014.5773047916024,1277.02309808235,1506.4106751080935,1991.0065492559377,1344.425142041142,194.8598209036,99.3975706127,1475.8089733125,3345.6482790879,616.0010984834,5731.7157424001
2012,2829,Liestal,2.23,25.7,74.3,2082.0,2051.0,739.0,742.0,279.0,102.0,3531.0,10208.0,0.0,20.0,7500.0,810.0,69.0,0.0,0.0,66.0,5.0,2.75,0.0,0.0,54904,143,106,1200,1138,92,55003,22.0,14700.0,623.0,97.0,101,1014.5773047916024,1277.02309808235,1506.4106751080935,1991.0065492559377,1344.425142041142,194.8598209036,99.3975706127,1475.8089733125,3345.6482790879,616.0010984834,5731.7157424001
2013,2829,Liestal,2.21,25.97,74.03,2111.0,2105.0,775.0,724.0,278.0,90.0,3593.0,10241.0,108.0,10.0,8300.0,809.0,27.0,0.0,0.0,66.0,5.0,2.75,8555.0,507989802.0,55287,134,112,1180,1101,127,55388,12.0,9000.0,827.0,100.0,92,1014.5773047916024,1277.02309808235,1506.4106751080935,1991.0065492559377,1344.425142041142,194.8598209036,99.3975706127,1475.8089733125,3345.6482790879,616.0010984834,5731.7157424001
2014,2829,Liestal,2.21,26.92,73.08,2133.0,2164.0,776.0,726.0,280.0,86.0,3766.0,10222.0,151.0,7.0,4200.0,970.0,54.0,0.0,0.0,65.0,5.0,2.75,8586.0,520190759.0,55881,159,103,1154,1066,202,56025,10.0,18800.0,938.0,92.0,99,1014.5773047916024,1277.02309808235,1506.4106751080935,1991.0065492559377,1344.425142041142,194.8598209036,99.3975706127,1475.8089733125,3345.6482790879,616.0010984834,5731.7157424001
2015,2829,Liestal,2.21,26.97,73.03,2129.0,2192.0,771.0,752.0,283.0,84.0,3792.0,10266.0,143.0,6.0,5900.0,1064.0,121.0,0.0,0.0,65.0,5.0,2.75,8669.0,522039808.0,56172,157,110,1096,1025,87,56290,10.0,16600.0,721.0,93.0,91,1037.70686023436,1246.2101893431793,1521.2477399550392,2060.585837611826,1321.588942859754,103.8287707273,121.1091084753,1568.6661103701,3768.5614023362,851.4787253192,6413.6441172281
2016,2829,Liestal,2.21,27.15,72.85,2176.0,2193.0,776.0,752.0,278.0,90.0,3848.0,10324.0,117.0,11.0,4100.0,1062.0,65.0,0.0,0.0,65.0,5.0,2.75,8670.0,544388031.0,56664,141,130,1077,1047,72,56705,14.0,11600.0,915.0,82.0,79,1037.70686023436,1246.2101893431793,1521.2477399550392,2060.585837611826,1321.588942859754,103.8287707273,121.1091084753,1568.6661103701,3768.5614023362,851.4787253192,6413.6441172281
2017,2829,Liestal,2.19,27.19,72.81,2280.0,2166.0,789.0,760.0,274.0,91.0,3880.0,10389.0,146.0,24.0,7000.0,892.0,259.0,0.0,0.0,65.0,5.0,2.75,8749.0,560044677.0,57026,163,115,1213,1159,162,57128,28.0,25500.0,807.0,92.0,101,1037.70686023436,1246.2101893431793,1521.2477399550392,2060.585837611826,1321.588942859754,103.8287707273,121.1091084753,1568.6661103701,3768.5614023362,851.4787253192,6413.6441172281
2018,2829,Liestal,2.2,27.07,72.93,2267.0,2220.0,775.0,758.0,286.0,92.0,3877.0,10447.0,144.0,5.0,6000.0,1075.0,107.0,0.0,0.0,65.0,5.0,2.75,8903.0,543631957.0,57227,165,122,1190,1096,128,57364,8.0,26300.0,861.0,64.0,60,1037.70686023436,1246.2101893431793,1521.2477399550392,2060.585837611826,1321.588942859754,103.8287707273,121.1091084753,1568.6661103701,3768.5614023362,851.4787253192,6413.6441172281
2019,2829,Liestal,2.18,27.6,72.4,2321.0,2251.0,779.0,744.0,281.0,90.0,3980.0,10441.0,125.0,3.0,1900.0,967.0,116.0,0.0,0.0,65.0,5.0,2.75,9011.0,554017737.0,57685,117,125,1194,1190,92,57681,5.0,8600.0,1199.0,74.0,89,1037.70686023436,1246.2101893431793,1521.2477399550392,2060.585837611826,1321.588942859754,103.8287707273,121.1091084753,1568.6661103701,3768.5614023362,851.4787253192,6413.6441172281
2020,2829,Liestal,2.16,27.83,72.17,2445.0,2361.0,771.0,770.0,272.0,92.0,4061.0,10532.0,143.0,8.0,8200.0,1293.0,318.0,0.0,0.0,65.0,5.0,0.55,9318.0,563618600.0,58175,138,148,1430,1031,399,58563,9.0,13600.0,1534.0,84.0,91,0.0,0.0,0.0,0.0,0.0,0.0,0.0,0.0,0.0,0.0,0.0
2021,2829,Liestal,2.14,28.08,71.92,2562.0,2416.0,777.0,778.0,277.0,89.0,4202.0,10762.0,131.0,6.0,8200.0,1357.0,78.0,0.0,0.0,65.0,5.0,0.55,9556.0,585929829.0,59684,137,127,1470,1139,331,60025,9.0,15100.0,964.0,106.0,97,0.0,0.0,0.0,0.0,0.0,0.0,0.0,0.0,0.0,0.0,0.0
2022,2829,Liestal,2.14,29.18,70.82,2645.0,2433.0,806.0,828.0,269.0,87.0,4495.0,10911.0,94.0,7.0,2100.0,1601.0,143.0,0.0,0.0,65.0,5.0,0.55,9716.0,602393010.0,61374,150,146,1638,1141,497,61875,10.0,2300.0,1552.0,95.0,89,0.0,0.0,0.0,0.0,0.0,0.0,0.0,0.0,0.0,0.0,0.0
2023,2829,Liestal,2.13,30.31,69.69,2737.0,2493.0,878.0,830.0,264.0,87.0,4797.0,11027.0,90.0,0.0,0.0,0.0,129.0,55.0,55.0,65.0,0.0,0.0,0.0,0.0,63162,154,148,1499,1241,284,63424,5.0,21900.0,538.0,94.0,86,0.0,0.0,0.0,0.0,0.0,0.0,0.0,0.0,0.0,0.0,0.0
2024,2829,Liestal,2.13,30.94,69.06,2777.0,2504.0,911.0,826.0,262.0,94.0,4959.0,11069.0,0.0,4.0,3000.0,1318.0,89.0,55.0,55.0,65.0,0.0,0.0,0.0,0.0,63997,162,151,1489,1276,213,64221,5.0,3100.0,1279.0,55.0,74,0.0,0.0,0.0,0.0,0.0,0.0,0.0,0.0,0.0,0.0,0.0
2025,2829,Liestal,0.0,0.0,0.0,0.0,0.0,0.0,0.0,0.0,0.0,0.0,0.0,0.0,0.0,0.0,0.0,0.0,55.0,55.0,65.0,0.0,0.0,0.0,0.0,48440,121,114,988,961,33,48474,0.0,0.0,0.0,36.0,22,0.0,0.0,0.0,0.0,0.0,0.0,0.0,0.0,0.0,0.0,0.0
2010,2770,Muttenz,0.0,18.36,81.64,0.0,0.0,0.0,0.0,0.0,0.0,3182.0,14146.0,0.0,22.0,10700.0,1127.0,48.0,0.0,0.0,56.0,5.0,3.5,0.0,0.0,69311,159,168,999,987,54,69314,23.0,11200.0,1100.0,145.0,131,901.317222943277,1295.0988583789365,1584.4670480432133,1883.4494940844113,1383.2589345619529,212.4173388688,589.9175888183,2447.7420974508,4401.3488933256,666.4301455084,8317.8560639719
2011,2770,Muttenz,0.0,18.52,81.48,0.0,0.0,0.0,0.0,0.0,0.0,3213.0,14138.0,0.0,4.0,2900.0,1150.0,103.0,0.0,0.0,56.0,5.0,2.75,0.0,0.0,69373,131,174,1130,1026,136,69432,5.0,6900.0,866.0,123.0,133,901.317222943277,1295.0988583789365,1584.4670480432133,1883.4494940844113,1383.2589345619529,212.4173388688,589.9175888183,2447.7420974508,4401.3488933256,666.4301455084,8317.8560639719
2012,2770,Muttenz,2.19,18.82,81.18,2671.0,2817.0,966.0,995.0,289.0,82.0,3276.0,14133.0,0.0,17.0,11100.0,1273.0,16.0,0.0,0.0,56.0,5.0,2.75,0.0,0.0,69622,145,181,1081,1022,59,69645,17.0,11100.0,1273.0,122.0,124,901.317222943277,1295.0988583789365,1584.4670480432133,1883.4494940844113,1383.2589345619529,212.4173388688,589.9175888183,2447.7420974508,4401.3488933256,666.4301455084,8317.8560639719
2013,2770,Muttenz,2.19,19.23,80.77,2679.0,2793.0,1006.0,982.0,295.0,74.0,3344.0,14050.0,121.0,0.0,0.0,0.0,23.0,0.0,0.0,56.0,5.0,2.75,10821.0,710086343.0,69560,130,168,1082,1010,74,69593,0.0,0.0,0.0,102.0,97,901.317222943277,1295.0988583789365,1584.4670480432133,1883.4494940844113,1383.2589345619529,212.4173388688,589.9175888183,2447.7420974508,4401.3488933256,666.4301455084,8317.8560639719
2014,2770,Muttenz,2.19,19.46,80.54,2678.0,2827.0,991.0,999.0,297.0,78.0,3411.0,14120.0,154.0,15.0,6800.0,1276.0,38.0,0.0,0.0,56.0,5.0,2.75,10916.0,727948773.0,70050,156,150,1093,953,154,70196,16.0,6900.0,1277.0,104.0,101,901.317222943277,1295.0988583789365,1584.4670480432133,1883.4494940844113,1383.2589345619529,212.4173388688,589.9175888183,2447.7420974508,4401.3488933256,666.4301455084,8317.8560639719
2015,2770,Muttenz,2.2,19.87,80.13,2715.0,2765.0,1034.0,988.0,301.0,86.0,3500.0,14115.0,146.0,15.0,5400.0,1212.0,75.0,0.0,0.0,56.0,5.0,2.75,10934.0,728667174.0,70392,154,186,1188,1021,205,70526,17.0,5800.0,1135.0,96.0,101,966.0979492470532,1262.7436257622437,1583.219244142252,1918.379226250838,1362.2919186590302,141.883008037,555.2091256196,2392.855378959,4542.4556492026,649.7236572154,8282.1268190336
2016,2770,Muttenz,2.19,20.42,79.58,2714.0,2830.0,1040.0,989.0,291.0,80.0,3621.0,14113.0,110.0,5.0,5200.0,1476.0,39.0,0.0,0.0,56.0,5.0,2.75,10973.0,744187984.0,70900,152,166,1171,1090,105,70967,5.0,5200.0,1476.0,82.0,82,966.0979492470532,1262.7436257622437,1583.219244142252,1918.379226250838,1362.2919186590302,141.883008037,555.2091256196,2392.855378959,4542.4556492026,649.7236572154,8282.1268190336
2017,2770,Muttenz,2.19,20.84,79.16,2705.0,2824.0,1061.0,1016.0,285.0,75.0,3713.0,14101.0,125.0,8.0,5600.0,1794.0,69.0,0.0,0.0,56.0,5.0,2.75,11001.0,747652949.0,71213,167,174,1097,1006,223,71297,11.0,8700.0,1682.0,94.0,94,966.0979492470532,1262.7436257622437,1583.219244142252,1918.379226250838,1362.2919186590302,141.883008037,555.2091256196,2392.855378959,4542.4556492026,649.7236572154,8282.1268190336
2018,2770,Muttenz,2.19,20.93,79.07,2735.0,2845.0,1012.0,1053.0,274.0,73.0,3740.0,14130.0,133.0,0.0,0.0,0.0,61.0,0.0,0.0,56.0,5.0,2.75,11011.0,755918817.0,71479,166,180,1084,1069,59,71480,4.0,4500.0,1029.0,101.0,101,966.0979492470532,1262.7436257622437,1583.219244142252,1918.379226250838,1362.2919186590302,141.883008037,555.2091256196,2392.855378959,4542.4556492026,649.7236572154,8282.1268190336
2019,2770,Muttenz,2.18,21.27,78.73,2784.0,2834.0,1006.0,1058.0,272.0,79.0,3819.0,14136.0,139.0,8.0,3800.0,1590.0,35.0,0.0,0.0,56.0,5.0,2.75,11078.0,776135172.0,71773,161,185,1066,951,117,71864,8.0,3800.0,1590.0,99.0,99,966.0979492470532,1262.7436257622437,1583.219244142252,1918.379226250838,1362.2919186590302,141.883008037,555.2091256196,2392.855378959,4542.4556492026,649.7236572154,8282.1268190336
2020,2770,Muttenz,2.17,21.65,78.35,2877.0,2817.0,1020.0,1060.0,268.0,76.0,3906.0,14132.0,121.0,7.0,6100.0,1531.0,81.0,0.0,0.0,56.0,5.0,0.55,11107.0,765301301.0,72141,156,213,1081,997,220,72166,7.0,6100.0,1531.0,88.0,94,0.0,0.0,0.0,0.0,0.0,0.0,0.0,0.0,0.0,0.0,0.0
2021,2770,Muttenz,2.17,21.95,78.05,2887.0,2830.0,1014.0,1047.0,259.0,87.0,3951.0,14049.0,123.0,5.0,3500.0,1921.0,8.0,0.0,0.0,56.0,5.0,0.55,11121.0,774673840.0,71998,144,180,1043,999,100,72005,7.0,8800.0,1724.0,105.0,114,0.0,0.0,0.0,0.0,0.0,0.0,0.0,0.0,0.0,0.0,0.0
2022,2770,Muttenz,2.17,22.63,77.37,2892.0,2799.0,1008.0,1037.0,274.0,87.0,4091.0,13990.0,68.0,12.0,5900.0,1854.0,160.0,0.0,0.0,56.0,5.0,0.55,11079.0,776145453.0,72252,138,184,1134,943,191,72397,22.0,6700.0,1868.0,110.0,105,0.0,0.0,0.0,0.0,0.0,0.0,0.0,0.0,0.0,0.0,0.0
2023,2770,Muttenz,2.16,23.14,76.86,2971.0,2832.0,1039.0,1062.0,269.0,89.0,4224.0,14028.0,77.0,7.0,3900.0,1986.0,57.0,55.0,55.0,56.0,0.0,0.0,0.0,0.0,72913,141,189,1153,910,243,73108,9.0,10900.0,2891.0,99.0,88,0.0,0.0,0.0,0.0,0.0,0.0,0.0,0.0,0.0,0.0,0.0
2024,2770,Muttenz,2.16,23.37,76.63,2957.0,2800.0,1033.0,1047.0,271.0,92.0,4279.0,14030.0,0.0,4.0,3400.0,2580.0,52.0,55.0,55.0,56.0,0.0,0.0,0.0,0.0,73313,126,166,907,1021,182,73159,4.0,3400.0,2580.0,76.0,99,0.0,0.0,0.0,0.0,0.0,0.0,0.0,0.0,0.0,0.0,0.0
2025,2770,Muttenz,0.0,0.0,0.0,0.0,0.0,0.0,0.0,0.0,0.0,0.0,0.0,0.0,0.0,0.0,0.0,0.0,55.0,55.0,56.0,0.0,0.0,0.0,0.0,54593,96,142,752,683,69,54616,0.0,0.0,0.0,48.0,46,0.0,0.0,0.0,0.0,0.0,0.0,0.0,0.0,0.0,0.0,0.0
2010,2861,Sissach,0.0,16.85,83.15,0.0,0.0,0.0,0.0,0.0,0.0,1049.0,5176.0,0.0,6.0,1800.0,687.0,36.0,0.0,0.0,55.0,4.0,2.75,0.0,0.0,24857,86,49,529,477,52,24946,10.0,16500.0,443.0,70.0,66,1024.3963439359864,1276.302189244998,1618.6329973219233,2076.5532534639588,1415.183462417752,93.2322648863,0.0,750.9571340281,1546.5770370926,273.2966583852,2674.6683889987
2011,2861,Sissach,0.0,16.38,83.62,0.0,0.0,0.0,0.0,0.0,0.0,1028.0,5249.0,0.0,5.0,3100.0,650.0,19.0,0.0,0.0,55.0,4.0,2.75,0.0,0.0,25106,75,59,508,524,30,25106,6.0,20300.0,773.0,61.0,59,1024.3963439359864,1276.302189244998,1618.6329973219233,2076.5532534639588,1415.183462417752,93.2322648863,0.0,750.9571340281,1546.5770370926,273.2966583852,2674.6683889987
2012,2861,Sissach,2.26,16.36,83.64,874.0,963.0,385.0,353.0,111.0,39.0,1028.0,5256.0,0.0,11.0,5700.0,740.0,26.0,0.0,0.0,55.0,4.0,2.75,0.0,0.0,25120,79,40,547,561,52,25145,15.0,13300.0,627.0,54.0,53,1024.3963439359864,1276.302189244998,1618.6329973219233,2076.5532534639588,1415.183462417752,93.2322648863,0.0,750.9571340281,1546.5770370926,273.2966583852,2674.6683889987
2013,2861,Sissach,2.28,16.49,83.51,859.0,990.0,395.0,359.0,123.0,39.0,1046.0,5298.0,45.0,8.0,7000.0,898.0,54.0,0.0,0.0,57.0,4.0,2.75,3996.0,255592686.0,25306,82,46,611,509,138,25444,12.0,11200.0,883.0,51.0,59,1024.3963439359864,1276.302189244998,1618.6329973219233,2076.5532534639588,1415.183462417752,93.2322648863,0.0,750.9571340281,1546.5770370926,273.2966583852,2674.6683889987
2014,2861,Sissach,2.27,16.48,83.52,887.0,979.0,419.0,361.0,115.0,43.0,1065.0,5398.0,50.0,28.0,7100.0,756.0,52.0,0.0,0.0,57.0,4.0,2.75,4046.0,266583765.0,25822,56,55,453,398,69,25878,31.0,7300.0,751.0,50.0,46,1024.3963439359864,1276.302189244998,1618.6329973219233,2076.5532534639588,1415.183462417752,93.2322648863,0.0,750.9571340281,1546.5770370926,273.2966583852,2674.6683889987
2015,2861,Sissach,2.25,16.79,83.21,932.0,1047.0,388.0,385.0,111.0,39.0,1104.0,5470.0,64.0,3.0,2000.0,768.0,116.0,0.0,0.0,57.0,4.0,2.75,4116.0,272726509.0,26201,74,53,620,456,164,26386,3.0,2000.0,768.0,40.0,43,996.7986057972364,1381.8916690580702,1680.108609795333,1994.3781813849405,1454.232680290844,65.5534626736,0.0,806.2488360869,1626.2337628728,403.1407936711,2908.6189883845
2016,2861,Sissach,2.24,17.58,82.42,964.0,1055.0,402.0,379.0,116.0,41.0,1183.0,5545.0,63.0,4.0,2300.0,885.0,32.0,0.0,0.0,57.0,4.0,2.75,4169.0,283215446.0,26865,87,44,516,469,121,26955,4.0,2300.0,885.0,45.0,37,996.7986057972364,1381.8916690580702,1680.108609795333,1994.3781813849405,1454.232680290844,65.5534626736,0.0,806.2488360869,1626.2337628728,403.1407936711,2908.6189883845
2017,2861,Sissach,2.24,17.58,82.42,958.0,1054.0,382.0,381.0,112.0,43.0,1180.0,5533.0,62.0,6.0,5300.0,921.0,20.0,0.0,0.0,57.0,4.0,2.75,4091.0,279909678.0,26889,72,55,486,581,95,26811,7.0,8100.0,763.0,36.0,49,996.7986057972364,1381.8916690580702,1680.108609795333,1994.3781813849405,1454.232680290844,65.5534626736,0.0,806.2488360869,1626.2337628728,403.1407936711,2908.6189883845
2018,2861,Sissach,2.22,17.4,82.6,980.0,1064.0,379.0,378.0,112.0,43.0,1165.0,5532.0,45.0,6.0,5000.0,1032.0,40.0,0.0,0.0,57.0,4.0,2.75,4154.0,287536006.0,26779,70,47,478,489,47,26791,8.0,5900.0,960.0,58.0,48,996.7986057972364,1381.8916690580702,1680.108609795333,1994.3781813849405,1454.232680290844,65.5534626736,0.0,806.2488360869,1626.2337628728,403.1407936711,2908.6189883845
2019,2861,Sissach,2.2,17.33,82.67,1013.0,1075.0,375.0,378.0,107.0,40.0,1161.0,5539.0,54.0,0.0,0.0,0.0,34.0,0.0,0.0,57.0,4.0,2.75,4160.0,287305505.0,26800,62,52,484,494,64,26799,0.0,0.0,0.0,37.0,38,996.7986057972364,1381.8916690580702,1680.108609795333,1994.3781813849405,1454.232680290844,65.5534626736,0.0,806.2488360869,1626.2337628728,403.1407936711,2908.6189883845
2020,2861,Sissach,2.18,16.97,83.03,1052.0,1086.0,370.0,376.0,105.0,39.0,1137.0,5563.0,75.0,10.0,5400.0,1109.0,19.0,0.0,0.0,57.0,4.0,0.55,4216.0,287666961.0,26793,76,55,475,481,22,26808,10.0,5400.0,1109.0,48.0,64,0.0,0.0,0.0,0.0,0.0,0.0,0.0,0.0,0.0,0.0,0.0
2021,2861,Sissach,2.16,17.13,82.87,1097.0,1106.0,379.0,379.0,104.0,36.0,1161.0,5618.0,50.0,8.0,7000.0,1006.0,14.0,0.0,0.0,57.0,4.0,0.55,4287.0,297116364.0,27058,65,61,534,425,109,27171,8.0,7000.0,1006.0,57.0,57,0.0,0.0,0.0,0.0,0.0,0.0,0.0,0.0,0.0,0.0,0.0
2022,2861,Sissach,2.15,18.04,81.96,1114.0,1105.0,360.0,394.0,98.0,38.0,1243.0,5647.0,32.0,4.0,1900.0,1245.0,48.0,0.0,0.0,57.0,4.0,0.55,4293.0,297959073.0,27522,53,54,559,479,158,27601,5.0,2000.0,1246.0,42.0,31,0.0,0.0,0.0,0.0,0.0,0.0,0.0,0.0,0.0,0.0,0.0
2023,2861,Sissach,2.15,18.61,81.39,1125.0,1112.0,366.0,389.0,105.0,34.0,1282.0,5606.0,35.0,3.0,2800.0,1248.0,10.0,55.0,55.0,57.0,0.0,0.0,0.0,0.0,27558,50,69,539,534,99,27544,4.0,7200.0,1097.0,41.0,46,0.0,0.0,0.0,0.0,0.0,0.0,0.0,0.0,0.0,0.0,0.0
2024,2861,Sissach,2.15,18.55,81.45,1120.0,1123.0,373.0,391.0,101.0,35.0,1280.0,5619.0,0.0,3.0,2600.0,1244.0,12.0,55.0,55.0,57.0,0.0,0.0,0.0,0.0,27578,53,58,473,435,54,27611,4.0,2600.0,1245.0,60.0,54,0.0,0.0,0.0,0.0,0.0,0.0,0.0,0.0,0.0,0.0,0.0
2025,2861,Sissach,0.0,0.0,0.0,0.0,0.0,0.0,0.0,0.0,0.0,0.0,0.0,0.0,0.0,0.0,0.0,0.0,55.0,55.0,57.0,0.0,0.0,0.0,0.0,20845,48,51,370,301,69,20911,0.0,0.0,0.0,20.0,16,0.0,0.0,0.0,0.0,0.0,0.0,0.0,0.0,0.0,0.0,0.0
2010,2895,Waldenburg,0.0,27.37,72.63,0.0,0.0,0.0,0.0,0.0,0.0,335.0,889.0,0.0,3.0,2000.0,189.0,0.0,0.0,0.0,67.0,4.75,3.5,0.0,0.0,4886,12,12,128,115,37,4899,3.0,2000.0,189.0,13.0,14,951.0466155638928,1099.245208219173,1210.7124646540162,1750.871442618863,1155.758837756888,20.7923069078,0.0,191.4168100202,256.8267102827,0.0,475.3545356289
2011,2895,Waldenburg,0.0,27.5,72.5,0.0,0.0,0.0,0.0,0.0,0.0,336.0,886.0,0.0,0.0,0.0,0.0,0.0,0.0,0.0,67.0,4.75,2.75,0.0,0.0,4892,15,6,109,123,14,4887,0.0,0.0,0.0,15.0,15,951.0466155638928,1099.245208219173,1210.7124646540162,1750.871442618863,1155.758837756888,20.7923069078,0.0,191.4168100202,256.8267102827,0.0,475.3545356289
2012,2895,Waldenburg,2.21,27.97,72.03,209.0,160.0,57.0,48.0,26.0,22.0,337.0,868.0,0.0,0.0,0.0,0.0,2.0,0.0,0.0,67.0,4.75,2.75,0.0,0.0,4831,11,13,119,137,22,4811,0.0,0.0,0.0,10.0,8,951.0466155638928,1099.245208219173,1210.7124646540162,1750.871442618863,1155.758837756888,20.7923069078,0.0,191.4168100202,256.8267102827,0.0,475.3545356289
2013,2895,Waldenburg,2.21,28.45,71.55,199.0,165.0,66.0,46.0,25.0,19.0,340.0,855.0,0.0,0.0,0.0,0.0,0.0,0.0,0.0,67.0,4.75,2.75,750.0,36500176.0,4781,10,14,91,95,24,4773,0.0,0.0,0.0,7.0,9,951.0466155638928,1099.245208219173,1210.7124646540162,1750.871442618863,1155.758837756888,20.7923069078,0.0,191.4168100202,256.8267102827,0.0,475.3545356289
2014,2895,Waldenburg,2.22,27.63,72.37,199.0,165.0,66.0,51.0,28.0,15.0,328.0,859.0,5.0,0.0,0.0,0.0,1.0,0.0,0.0,67.0,4.75,2.75,759.0,37195116.0,4740,14,13,122,110,34,4753,0.0,0.0,0.0,6.0,8,951.0466155638928,1099.245208219173,1210.7124646540162,1750.871442618863,1155.758837756888,20.7923069078,0.0,191.4168100202,256.8267102827,0.0,475.3545356289
2015,2895,Waldenburg,2.21,29.04,70.96,187.0,168.0,64.0,44.0,29.0,14.0,343.0,838.0,0.0,0.0,0.0,0.0,0.0,0.0,0.0,67.0,4.75,2.75,758.0,35681346.0,4741,2,7,87,122,37,4701,0.0,0.0,0.0,9.0,6,0.0,1090.5103288249263,1165.3947341928526,1765.1338537224035,1202.621131288579,0.0,0.0,244.8992666824,148.4724745693,24.496499001,430.8333785467
2016,2895,Waldenburg,2.2,29.95,70.05,192.0,177.0,65.0,47.0,28.0,13.0,351.0,821.0,10.0,0.0,0.0,0.0,3.0,0.0,0.0,69.5,4.75,2.75,751.0,36473856.0,4675,8,9,131,101,30,4704,0.0,0.0,0.0,10.0,10,0.0,1090.5103288249263,1165.3947341928526,1765.1338537224035,1202.621131288579,0.0,0.0,244.8992666824,148.4724745693,24.496499001,430.8333785467
2017,2895,Waldenburg,2.15,30.04,69.96,197.0,172.0,60.0,39.0,27.0,14.0,350.0,815.0,4.0,0.0,0.0,0.0,0.0,0.0,0.0,69.5,4.75,2.75,733.0,36028458.0,4685,14,9,98,149,51,4639,0.0,0.0,0.0,5.0,8,0.0,1090.5103288249263,1165.3947341928526,1765.1338537224035,1202.621131288579,0.0,0.0,244.8992666824,148.4724745693,24.496499001,430.8333785467
2018,2895,Waldenburg,2.09,29.96,70.04,199.0,167.0,67.0,40.0,21.0,9.0,334.0,781.0,4.0,0.0,0.0,0.0,0.0,0.0,0.0,69.5,4.75,2.75,701.0,34989228.0,4490,11,11,102,160,58,4432,0.0,0.0,0.0,9.0,7,0.0,1090.5103288249263,1165.3947341928526,1765.1338537224035,1202.621131288579,0.0,0.0,244.8992666824,148.4724745693,24.496499001,430.8333785467
2019,2895,Waldenburg,2.1,30.21,69.79,201.0,177.0,62.0,42.0,20.0,11.0,332.0,767.0,0.0,0.0,0.0,0.0,7.0,0.0,0.0,69.5,4.75,2.75,715.0,35420765.0,4377,11,9,128,97,31,4410,0.0,0.0,0.0,5.0,7,0.0,1090.5103288249263,1165.3947341928526,1765.1338537224035,1202.621131288579,0.0,0.0,244.8992666824,148.4724745693,24.496499001,430.8333785467
2020,2895,Waldenburg,2.1,30.69,69.31,205.0,186.0,59.0,41.0,25.0,10.0,349.0,788.0,4.0,0.0,0.0,0.0,0.0,0.0,0.0,69.5,4.75,0.55,725.0,36677839.0,4540,11,8,119,110,45,4552,0.0,0.0,0.0,11.0,14,0.0,0.0,0.0,0.0,0.0,0.0,0.0,0.0,0.0,0.0,0.0
2021,2895,Waldenburg,2.05,31.23,68.77,225.0,178.0,55.0,42.0,23.0,11.0,351.0,773.0,4.0,0.0,0.0,0.0,4.0,0.0,0.0,69.5,4.75,0.55,740.0,36554928.0,4497,6,16,110,100,22,4497,0.0,0.0,0.0,14.0,8,0.0,0.0,0.0,0.0,0.0,0.0,0.0,0.0,0.0,0.0,0.0
2022,2895,Waldenburg,2.04,31.43,68.57,212.0,190.0,53.0,36.0,22.0,11.0,353.0,770.0,4.0,3.0,2300.0,389.0,20.0,0.0,0.0,69.5,4.75,0.55,721.0,35829406.0,4495,8,11,131,141,18,4482,4.0,8200.0,261.0,11.0,16,0.0,0.0,0.0,0.0,0.0,0.0,0.0,0.0,0.0,0.0,0.0
2023,2895,Waldenburg,2.01,32.37,67.63,225.0,192.0,57.0,32.0,24.0,9.0,368.0,769.0,4.0,0.0,0.0,0.0,13.0,52.0,52.0,69.5,0.0,0.0,0.0,0.0,4527,10,16,170,127,43,4564,0.0,0.0,0.0,14.0,11,0.0,0.0,0.0,0.0,0.0,0.0,0.0,0.0,0.0,0.0,0.0
2024,2895,Waldenburg,1.99,33.48,66.52,241.0,185.0,58.0,35.0,22.0,10.0,389.0,773.0,0.0,0.0,0.0,0.0,0.0,55.0,55.0,69.5,0.0,0.0,0.0,0.0,4652,6,9,142,146,36,4645,0.0,0.0,0.0,4.0,4,0.0,0.0,0.0,0.0,0.0,0.0,0.0,0.0,0.0,0.0,0.0
2025,2895,Waldenburg,0.0,0.0,0.0,0.0,0.0,0.0,0.0,0.0,0.0,0.0,0.0,0.0,0.0,0.0,0.0,0.0,55.0,55.0,72.0,0.0,0.0,0.0,0.0,3436,6,9,123,113,42,3443,0.0,0.0,0.0,2.0,5,0.0,0.0,0.0,0.0,0.0,0.0,0.0,0.0,0.0,0.0,0.0
