jahr,gemeinde,ds10060_1_person,ds10060_2_personen,ds10060_3_personen,ds10060_4_personen,ds10060_5_personen,ds10060_6_oder_mehr_personen,ds10080_ausland,ds10080_schweiz,ds10180_unternehmensneugruendungen,ds10180_unternehmensschliessungen,ds10200_jahr_raw,ds10200_bfs_nummer,ds10230_jahr_raw,ds10230_bfs_nummer,ds10230_neu_erstellte_wohnungen,ds10580_steuerfuss_ertrag_juristische_personen_prozent,ds10580_steuerfuss_kapital_juristische_personen_prozent,ds10580_steuerfuss_natuerliche_personen_prozent,ds10580_steuersatz_ertrag_juristische_personen_prozent,ds10580_steuersatz_kapital_juristische_personen_promille,ds10630_anzahl_steuerpflichtige,ds10630_steuerbares_einkommen_chf,ds10680_jahr_raw,ds10680_quartal,ds10680_gemeinde_nummer,ds10680_bezirk_nummer,ds10680_anfangsbestand,ds10680_geburten,ds10680_todesfaelle,ds10680_geburtenueberschuss,ds10680_zuzuege,ds10680_wegzuege,ds10680_wanderungssaldo,ds10680_bereinigung_saldo,ds10680_gesamtveraenderung,ds10680_endbestand,ds12070_jahr_raw,ds12070_bfs_nummer,ds12880_jahr_raw,ds12880_quartal,ds12880_bfs_code_gemeinde,ds12880_anzahl_bewilligungen,ds12900_jahr_raw,ds12900_quartal,ds12900_bfs_code_gemeinde,ds12900_anzahl_bauprojekte,ds13010_1_2,ds13010_3,ds13010_4,ds13010_5,ds13010_total,ds13030_andere_situation_unbekannt,ds13030_genossenschafter_innen,ds13030_hauseigentuemer_innen,ds13030_mieter_innen_oder_untermieter_innen,ds13030_stockwerk_wohnungseigentuemer_innen,ds13030_total
1975,Anwil,,,,,,,,,,,,,,,,,,70.0,,,,,,,,,,,,,,,,,,,,,,,,,,,,,,,,,,,,,,,
1976,Anwil,,,,,,,,,,,,,,,,,,70.0,,,,,,,,,,,,,,,,,,,,,,,,,,,,,,,,,,,,,,,
1977,Anwil,,,,,,,,,,,,,,,,,,70.0,,,,,,,,,,,,,,,,,,,,,,,,,,,,,,,,,,,,,,,
1978,Anwil,,,,,,,,,,,,,,,,,,70.0,,,,,,,,,,,,,,,,,,,,,,,,,,,,,,,,,,,,,,,
1979,Anwil,,,,,,,,,,,1979.0,2841.0,,,,,,65.0,,,,,,,,,,,,,,,,,,,1979.0,2841.0,,,,,,,,,,,,,,,,,,,
1980,Anwil,,,,,,,4.0,307.0,,,1980.0,2841.0,,,,,,65.0,,,,,,,,,,,,,,,,,,,1980.0,2841.0,,,,,,,,,,,,,,,,,,,
1981,Anwil,,,,,,,6.0,306.0,,,1981.0,2841.0,,,,,,65.0,,,,,,,,,,,,,,,,,,,1981.0,2841.0,,,,,,,,,,,,,,,,,,,
1982,Anwil,,,,,,,5.0,308.0,,,1982.0,2841.0,,,,,,65.0,,,,,,,,,,,,,,,,,,,1982.0,2841.0,,,,,,,,,,,,,,,,,,,
1983,Anwil,,,,,,,5.0,315.0,,,1983.0,2841.0,,,,,,65.0,,,,,,,,,,,,,,,,,,,1983.0,2841.0,,,,,,,,,,,,,,,,,,,
1984,Anwil,,,,,,,5.0,310.0,,,1984.0,2841.0,,,,,,65.0,,,,,,,,,,,,,,,,,,,1984.0,2841.0,,,,,,,,,,,,,,,,,,,
1985,Anwil,,,,,,,6.0,321.0,,,1985.0,2841.0,,,,,,65.0,,,,,,,,,,,,,,,,,,,1985.0,2841.0,,,,,,,,,,,,,,,,,,,
1986,Anwil,,,,,,,6.0,330.0,,,1986.0,2841.0,,,,,,65.0,,,,,,,,,,,,,,,,,,,1986.0,2841.0,,,,,,,,,,,,,,,,,,,
1987,Anwil,,,,,,,6.0,334.0,,,1987.0,2841.0,,,,,,65.0,,,,,,,,,,,,,,,,,,,1987.0,2841.0,,,,,,,,,,,,,,,,,,,
1988,Anwil,,,,,,,7.0,321.0,,,1988.0,2841.0,,,,,,65.0,,,,,,,,,,,,,,,,,,,1988.0,2841.0,,,,,,,,,,,,,,,,,,,
1989,Anwil,,,,,,,11.0,312.0,,,1989.0,2841.0,,,,,,65.0,,,,,,,,,,,,,,,,,,,1989.0,2841.0,,,,,,,,,,,,,,,,,,,
1990,Anwil,,,,,,,14.0,321.0,,,1990.0,2841.0,,,,,,65.0,,,,,,,,,,,,,,,,,,,1990.0,2841.0,,,,,,,,,,,,,,,,,,,
1991,Anwil,,,,,,,17.0,329.0,,,1991.0,2841.0,,,,,,57.0,,,,,,,,,,,,,,,,,,,1991.0,2841.0,,,,,,,,,,,,,,,,,,,
1992,Anwil,,,,,,,19.0,344.0,,,1992.0,2841.0,,,,,,57.0,,,,,,,,,,,,,,,,,,,1992.0,2841.0,,,,,,,,,,,,,,,,,,,
1993,Anwil,,,,,,,19.0,359.0,,,1993.0,2841.0,,,,,,57.0,,,,,,,,,,,,,,,,,,,1993.0,2841.0,,,,,,,,,,,,,,,,,,,
1994,Anwil,,,,,,,18.0,377.0,,,1994.0,2841.0,1994.0,2841.0,2.0,,,57.0,,,,,,,,,,,,,,,,,,,1994.0,2841.0,,,,,,,,,,,,,,,,,,,
1995,Anwil,,,,,,,24.0,407.0,,,1995.0,2841.0,1995.0,2841.0,6.0,,,57.0,,,,,,,,,,,,,,,,,,,1995.0,2841.0,,,,,,,,,,,,,,,,,,,
1996,Anwil,,,,,,,30.0,417.0,,,1996.0,2841.0,1996.0,2841.0,1.0,,,57.0,,,,,,,,,,,,,,,,,,,1996.0,2841.0,,,,,,,,,,,,,,,,,,,
1997,Anwil,,,,,,,28.0,418.0,,,1997.0,2841.0,1997.0,2841.0,10.0,,,57.0,,,,,,,,,,,,,,,,,,,1997.0,2841.0,,,,,,,,,,,,,,,,,,,
1998,Anwil,,,,,,,29.0,425.0,,,1998.0,2841.0,1998.0,2841.0,5.0,,,57.0,,,,,,,,,,,,,,,,,,,1998.0,2841.0,,,,,,,,,,,,,,,,,,,
1999,Anwil,,,,,,,35.0,440.0,,,1999.0,2841.0,1999.0,2841.0,5.0,,,57.0,,,,,,,,,,,,,,,,,,,1999.0,2841.0,,,,,,,,,,,,,,,,,,,
2000,Anwil,,,,,,,37.0,456.0,,,2000.0,2841.0,2000.0,2841.0,1.0,,,57.0,4.5,5.0,,,,,,,,,,,,,,,,,2000.0,2841.0,,,,,,,,,,,,,,,,,,,
2001,Anwil,,,,,,,32.0,468.0,,,2001.0,2841.0,2001.0,2841.0,3.0,,,57.0,4.5,5.0,,,,,,,,,,,,,,,,,2001.0,2841.0,,,,,,,,,,,,,,,,,,,
2002,Anwil,,,,,,,33.0,477.0,,,2002.0,2841.0,2002.0,2841.0,2.0,,,57.0,4.5,5.0,,,,,,,,,,,,,,,,,2002.0,2841.0,,,,,,,,,,,,,,,,,,,
2003,Anwil,,,,,,,29.0,489.0,,,2003.0,2841.0,2003.0,2841.0,6.0,,,60.0,4.5,5.0,,,8012.0,10.0,11364.0,5216.0,2068.0,6.0,3.0,3.0,46.0,37.0,9.0,-2.0,10.0,2078.0,2003.0,2841.0,,,,,,,,,,,,,,,,,,,
2004,Anwil,,,,,,,31.0,496.0,,,2004.0,2841.0,2004.0,2841.0,1.0,,,60.0,4.5,5.0,,,8016.0,10.0,11364.0,5216.0,2107.0,4.0,5.0,-1.0,29.0,28.0,1.0,0.0,0.0,2107.0,2004.0,2841.0,,,,,,,,,,,,,,,,,,,
2005,Anwil,,,,,,,30.0,498.0,,,2005.0,2841.0,2005.0,2841.0,4.0,,,60.0,4.5,5.0,,,8020.0,10.0,11364.0,5216.0,2103.0,4.0,5.0,-1.0,38.0,20.0,18.0,0.0,17.0,2120.0,2005.0,2841.0,8020.0,10.0,11364.0,14.0,8020.0,10.0,11364.0,13.0,,,,,,,,,,,
2006,Anwil,,,,,,,35.0,509.0,,,2006.0,2841.0,2006.0,2841.0,2.0,,,60.0,4.5,5.0,,,8024.0,10.0,11364.0,5216.0,2173.0,11.0,3.0,8.0,23.0,25.0,-2.0,-1.0,5.0,2178.0,2006.0,2841.0,6018.0,6.0,8523.0,10.0,8024.0,10.0,11364.0,13.0,,,,,,,,,,,
2007,Anwil,,,,,,,39.0,516.0,,,2007.0,2841.0,2007.0,2841.0,9.0,,,60.0,4.5,5.0,,,8028.0,10.0,11364.0,5216.0,2207.0,3.0,6.0,-3.0,42.0,18.0,24.0,0.0,21.0,2228.0,2007.0,2841.0,8028.0,10.0,11364.0,12.0,6021.0,6.0,8523.0,9.0,,,,,,,,,,,
2008,Anwil,,,,,,,44.0,526.0,,,2008.0,2841.0,2008.0,2841.0,0.0,,,60.0,4.5,3.5,,,8032.0,10.0,11364.0,5216.0,2276.0,3.0,6.0,-3.0,35.0,26.0,9.0,0.0,6.0,2282.0,2008.0,2841.0,8032.0,10.0,11364.0,10.0,6024.0,7.0,8523.0,10.0,,,,,,,,,,,
2009,Anwil,,,,,,,43.0,522.0,,,2009.0,2841.0,2009.0,2841.0,1.0,,,60.0,4.5,3.5,,,8036.0,10.0,11364.0,5216.0,2263.0,7.0,2.0,5.0,25.0,40.0,-15.0,0.0,-10.0,2253.0,2009.0,2841.0,8036.0,10.0,11364.0,8.0,8036.0,10.0,11364.0,9.0,,,,,,,,,,,
2010,Anwil,,,,,,,41.0,530.0,,,2010.0,2841.0,2010.0,2841.0,2.0,,,60.0,4.5,3.5,,,8040.0,10.0,11364.0,5216.0,2274.0,9.0,5.0,4.0,41.0,20.0,21.0,0.0,25.0,2299.0,2010.0,2841.0,6030.0,6.0,8523.0,6.0,8040.0,10.0,11364.0,6.0,,0.0,1464.3658752175895,0.0,1454.0502129122128,25.8304833263,,103.1892220307,40.0775443967,0.0,174.7687801456
2011,Anwil,,,,,,,40.0,547.0,,,2011.0,2841.0,2011.0,2841.0,2.0,,,60.0,4.5,2.75,,,8044.0,10.0,11364.0,5216.0,2352.0,11.0,3.0,8.0,24.0,40.0,-16.0,0.0,-8.0,2344.0,2011.0,2841.0,8044.0,10.0,11364.0,13.0,8044.0,10.0,11364.0,13.0,,0.0,1464.3658752175895,0.0,1454.0502129122128,25.8304833263,,103.1892220307,40.0775443967,0.0,174.7687801456
2012,Anwil,37.0,74.0,30.0,49.0,12.0,7.0,43.0,537.0,,,2012.0,2841.0,2012.0,2841.0,1.0,,,60.0,4.5,2.75,,,8048.0,10.0,11364.0,5216.0,2317.0,4.0,4.0,0.0,32.0,31.0,1.0,0.0,1.0,2318.0,2012.0,2841.0,8048.0,10.0,11364.0,11.0,6036.0,8.0,8523.0,10.0,,0.0,1464.3658752175895,0.0,1454.0502129122128,25.8304833263,,103.1892220307,40.0775443967,0.0,174.7687801456
2013,Anwil,43.0,74.0,35.0,48.0,11.0,6.0,41.0,541.0,0( ),0( ),2013.0,2841.0,2013.0,2841.0,4.0,,,60.0,4.5,2.75,321.0,18561458.0,8052.0,10.0,11364.0,5216.0,2322.0,2.0,3.0,-1.0,27.0,18.0,9.0,0.0,8.0,2330.0,2013.0,2841.0,8052.0,10.0,11364.0,7.0,8052.0,10.0,11364.0,9.0,,0.0,1464.3658752175895,0.0,1454.0502129122128,25.8304833263,,103.1892220307,40.0775443967,0.0,174.7687801456
2014,Anwil,42.0,74.0,33.0,50.0,12.0,4.0,42.0,539.0,04,0( ),2014.0,2841.0,2014.0,2841.0,2.0,,,60.0,4.5,2.75,326.0,18252484.0,8056.0,10.0,11364.0,5216.0,2329.0,5.0,1.0,4.0,19.0,33.0,-14.0,0.0,-10.0,2319.0,2014.0,2841.0,6042.0,6.0,8523.0,11.0,8056.0,10.0,11364.0,9.0,,0.0,1464.3658752175895,0.0,1454.0502129122128,25.8304833263,,103.1892220307,40.0775443967,0.0,174.7687801456
2015,Anwil,48.0,74.0,40.0,44.0,13.0,3.0,41.0,543.0,0( ),( )( ),2015.0,2841.0,2015.0,2841.0,2.0,,,60.0,4.5,2.75,332.0,18865555.0,8060.0,10.0,11364.0,5216.0,2332.0,6.0,6.0,0.0,37.0,26.0,11.0,0.0,11.0,2343.0,2015.0,2841.0,4030.0,3.0,5682.0,6.0,6045.0,7.0,8523.0,8.0,0.0,0.0,0.0,0.0,1273.541876066167,16.4632264477,,119.4595151053,36.9033629229,0.0,179.5210287499
2016,Anwil,46.0,81.0,37.0,45.0,11.0,4.0,41.0,544.0,0( ),0( ),2016.0,2841.0,2016.0,2841.0,1.0,,,63.0,4.5,2.75,337.0,19573306.0,8064.0,10.0,11364.0,5216.0,2339.0,2.0,4.0,-2.0,22.0,23.0,-1.0,0.0,-3.0,2336.0,2016.0,2841.0,8064.0,10.0,11364.0,8.0,6048.0,8.0,8523.0,5.0,0.0,0.0,0.0,0.0,1273.541876066167,16.4632264477,,119.4595151053,36.9033629229,0.0,179.5210287499
2017,Anwil,49.0,80.0,34.0,42.0,15.0,2.0,36.0,544.0,00,0( ),2017.0,2841.0,2017.0,2841.0,0.0,,,63.0,4.5,2.75,335.0,18906350.0,8068.0,10.0,11364.0,5216.0,2325.0,10.0,4.0,6.0,18.0,35.0,-17.0,0.0,-11.0,2314.0,2017.0,2841.0,6051.0,9.0,8523.0,7.0,8068.0,10.0,11364.0,8.0,0.0,0.0,0.0,0.0,1273.541876066167,16.4632264477,,119.4595151053,36.9033629229,0.0,179.5210287499
2018,Anwil,47.0,90.0,37.0,38.0,12.0,2.0,36.0,534.0,0( ),0( ),2018.0,2841.0,2018.0,2841.0,2.0,,,63.0,4.5,2.75,338.0,19748150.0,8072.0,10.0,11364.0,5216.0,2285.0,2.0,3.0,-1.0,24.0,32.0,-8.0,0.0,-9.0,2276.0,2018.0,2841.0,8072.0,10.0,11364.0,5.0,6054.0,9.0,8523.0,8.0,0.0,0.0,0.0,0.0,1273.541876066167,16.4632264477,,119.4595151053,36.9033629229,0.0,179.5210287499
2019,Anwil,53.0,86.0,39.0,31.0,12.0,4.0,34.0,527.0,0( ),0( ),2019.0,2841.0,2019.0,2841.0,0.0,,,63.0,4.5,2.75,339.0,18955513.0,8076.0,10.0,11364.0,5216.0,2252.0,7.0,3.0,4.0,19.0,37.0,-18.0,0.0,-14.0,2238.0,2019.0,2841.0,8076.0,10.0,11364.0,12.0,8076.0,10.0,11364.0,9.0,0.0,0.0,0.0,0.0,1273.541876066167,16.4632264477,,119.4595151053,36.9033629229,0.0,179.5210287499
2020,Anwil,56.0,91.0,36.0,31.0,11.0,2.0,33.0,516.0,0( ),0( ),2020.0,2841.0,2020.0,2841.0,1.0,,,60.0,2.75,0.55,335.0,18989914.0,8080.0,10.0,11364.0,5216.0,2204.0,2.0,2.0,0.0,22.0,33.0,-11.0,0.0,-11.0,2193.0,2020.0,2841.0,6060.0,9.0,8523.0,5.0,8080.0,10.0,11364.0,9.0,,,,,,,,,,,
2021,Anwil,55.0,90.0,35.0,30.0,9.0,3.0,28.0,506.0,( )0,0( ),2021.0,2841.0,2021.0,2841.0,2.0,,,60.0,2.75,0.55,324.0,19697088.0,8084.0,10.0,11364.0,5216.0,2142.0,4.0,10.0,-6.0,29.0,37.0,-8.0,0.0,-14.0,2128.0,2021.0,2841.0,4042.0,5.0,5682.0,5.0,6063.0,9.0,8523.0,3.0,,,,,,,,,,,
2022,Anwil,55.0,95.0,31.0,33.0,8.0,3.0,33.0,501.0,00,,2022.0,2841.0,2022.0,2841.0,1.0,,,60.0,2.75,0.55,314.0,19424990.0,8088.0,10.0,11364.0,5216.0,2133.0,8.0,5.0,3.0,30.0,24.0,6.0,0.0,9.0,2142.0,2022.0,2841.0,6066.0,6.0,8523.0,10.0,6066.0,6.0,8523.0,8.0,,,,,,,,,,,
2023,Anwil,55.0,106.0,21.0,35.0,9.0,3.0,40.0,502.0,0( ),,2023.0,2841.0,2023.0,2841.0,1.0,40.0,50.0,60.0,,,,,8092.0,10.0,11364.0,5216.0,2164.0,6.0,4.0,2.0,34.0,29.0,5.0,0.0,7.0,2171.0,2023.0,2841.0,4046.0,6.0,5682.0,3.0,6069.0,9.0,8523.0,6.0,,,,,,,,,,,
2024,Anwil,61.0,100.0,23.0,36.0,9.0,4.0,44.0,505.0,,,2024.0,2841.0,2024.0,2841.0,2.0,40.0,50.0,60.0,,,,,8096.0,10.0,11364.0,5216.0,2188.0,8.0,2.0,6.0,35.0,24.0,11.0,0.0,17.0,2205.0,2024.0,2841.0,8096.0,10.0,11364.0,10.0,8096.0,10.0,11364.0,8.0,,,,,,,,,,,
2025,Anwil,,,,,,,,,,,,,,,,40.0,50.0,60.0,,,,,6075.0,6.0,8523.0,3912.0,1681.0,1.0,1.0,0.0,19.0,20.0,-1.0,0.0,-1.0,1680.0,,,,,,,2025.0,2.0,2841.0,1.0,,,,,,,,,,,
1975,Arisdorf,,,,,,,,,,,,,,,,,,70.0,,,,,,,,,,,,,,,,,,,,,,,,,,,,,,,,,,,,,,,
1976,Arisdorf,,,,,,,,,,,,,,,,,,70.0,,,,,,,,,,,,,,,,,,,,,,,,,,,,,,,,,,,,,,,
1977,Arisdorf,,,,,,,,,,,,,,,,,,70.0,,,,,,,,,,,,,,,,,,,,,,,,,,,,,,,,,,,,,,,
1978,Arisdorf,,,,,,,,,,,,,,,,,,70.0,,,,,,,,,,,,,,,,,,,,,,,,,,,,,,,,,,,,,,,
1979,Arisdorf,,,,,,,,,,,1979.0,2821.0,,,,,,70.0,,,,,,,,,,,,,,,,,,,1979.0,2821.0,,,,,,,,,,,,,,,,,,,
1980,Arisdorf,,,,,,,53.0,966.0,,,1980.0,2821.0,,,,,,70.0,,,,,,,,,,,,,,,,,,,1980.0,2821.0,,,,,,,,,,,,,,,,,,,
1981,Arisdorf,,,,,,,50.0,989.0,,,1981.0,2821.0,,,,,,70.0,,,,,,,,,,,,,,,,,,,1981.0,2821.0,,,,,,,,,,,,,,,,,,,
1982,Arisdorf,,,,,,,53.0,992.0,,,1982.0,2821.0,,,,,,70.0,,,,,,,,,,,,,,,,,,,1982.0,2821.0,,,,,,,,,,,,,,,,,,,
1983,Arisdorf,,,,,,,53.0,1006.0,,,1983.0,2821.0,,,,,,70.0,,,,,,,,,,,,,,,,,,,1983.0,2821.0,,,,,,,,,,,,,,,,,,,
1984,Arisdorf,,,,,,,47.0,1013.0,,,1984.0,2821.0,,,,,,70.0,,,,,,,,,,,,,,,,,,,1984.0,2821.0,,,,,,,,,,,,,,,,,,,
1985,Arisdorf,,,,,,,44.0,1026.0,,,1985.0,2821.0,,,,,,67.0,,,,,,,,,,,,,,,,,,,1985.0,2821.0,,,,,,,,,,,,,,,,,,,
1986,Arisdorf,,,,,,,47.0,1046.0,,,1986.0,2821.0,,,,,,67.0,,,,,,,,,,,,,,,,,,,1986.0,2821.0,,,,,,,,,,,,,,,,,,,
1987,Arisdorf,,,,,,,48.0,1048.0,,,1987.0,2821.0,,,,,,67.0,,,,,,,,,,,,,,,,,,,1987.0,2821.0,,,,,,,,,,,,,,,,,,,
1988,Arisdorf,,,,,,,47.0,1049.0,,,1988.0,2821.0,,,,,,67.0,,,,,,,,,,,,,,,,,,,1988.0,2821.0,,,,,,,,,,,,,,,,,,,
1989,Arisdorf,,,,,,,52.0,1039.0,,,1989.0,2821.0,,,,,,65.0,,,,,,,,,,,,,,,,,,,1989.0,2821.0,,,,,,,,,,,,,,,,,,,
1990,Arisdorf,,,,,,,57.0,1051.0,,,1990.0,2821.0,,,,,,65.0,,,,,,,,,,,,,,,,,,,1990.0,2821.0,,,,,,,,,,,,,,,,,,,
1991,Arisdorf,,,,,,,56.0,1060.0,,,1991.0,2821.0,,,,,,62.0,,,,,,,,,,,,,,,,,,,1991.0,2821.0,,,,,,,,,,,,,,,,,,,
1992,Arisdorf,,,,,,,53.0,1047.0,,,1992.0,2821.0,,,,,,62.0,,,,,,,,,,,,,,,,,,,1992.0,2821.0,,,,,,,,,,,,,,,,,,,
1993,Arisdorf,,,,,,,73.0,1050.0,,,1993.0,2821.0,,,,,,62.0,,,,,,,,,,,,,,,,,,,1993.0,2821.0,,,,,,,,,,,,,,,,,,,
1994,Arisdorf,,,,,,,79.0,1061.0,,,1994.0,2821.0,1994.0,2821.0,17.0,,,62.0,,,,,,,,,,,,,,,,,,,1994.0,2821.0,,,,,,,,,,,,,,,,,,,
1995,Arisdorf,,,,,,,87.0,1080.0,,,1995.0,2821.0,1995.0,2821.0,16.0,,,62.0,,,,,,,,,,,,,,,,,,,1995.0,2821.0,,,,,,,,,,,,,,,,,,,
1996,Arisdorf,,,,,,,91.0,1123.0,,,1996.0,2821.0,1996.0,2821.0,61.0,,,62.0,,,,,,,,,,,,,,,,,,,1996.0,2821.0,,,,,,,,,,,,,,,,,,,
1997,Arisdorf,,,,,,,96.0,1211.0,,,1997.0,2821.0,1997.0,2821.0,13.0,,,62.0,,,,,,,,,,,,,,,,,,,1997.0,2821.0,,,,,,,,,,,,,,,,,,,
1998,Arisdorf,,,,,,,95.0,1259.0,,,1998.0,2821.0,1998.0,2821.0,14.0,,,62.0,,,,,,,,,,,,,,,,,,,1998.0,2821.0,,,,,,,,,,,,,,,,,,,
1999,Arisdorf,,,,,,,118.0,1267.0,,,1999.0,2821.0,1999.0,2821.0,7.0,,,62.0,,,,,,,,,,,,,,,,,,,1999.0,2821.0,,,,,,,,,,,,,,,,,,,
2000,Arisdorf,,,,,,,126.0,1275.0,,,2000.0,2821.0,2000.0,2821.0,3.0,,,62.0,4.5,5.0,,,,,,,,,,,,,,,,,2000.0,2821.0,,,,,,,,,,,,,,,,,,,
2001,Arisdorf,,,,,,,128.0,1270.0,,,2001.0,2821.0,2001.0,2821.0,6.0,,,62.0,4.5,5.0,,,,,,,,,,,,,,,,,2001.0,2821.0,,,,,,,,,,,,,,,,,,,
2002,Arisdorf,,,,,,,103.0,1291.0,,,2002.0,2821.0,2002.0,2821.0,5.0,,,62.0,4.5,5.0,,,,,,,,,,,,,,,,,2002.0,2821.0,,,,,,,,,,,,,,,,,,,
2003,Arisdorf,,,,,,,90.0,1336.0,,,2003.0,2821.0,2003.0,2821.0,10.0,,,62.0,4.5,5.0,,,8012.0,10.0,11284.0,5212.0,5683.0,14.0,8.0,6.0,116.0,82.0,34.0,-1.0,39.0,5722.0,2003.0,2821.0,,,,,,,,,,,,,,,,,,,
2004,Arisdorf,,,,,,,97.0,1347.0,,,2004.0,2821.0,2004.0,2821.0,4.0,,,62.0,4.5,5.0,,,8016.0,10.0,11284.0,5212.0,5780.0,10.0,10.0,0.0,73.0,77.0,-4.0,0.0,-4.0,5776.0,2004.0,2821.0,,,,,,,,,,,,,,,,,,,
2005,Arisdorf,,,,,,,101.0,1366.0,,,2005.0,2821.0,2005.0,2821.0,3.0,,,59.0,4.5,5.0,,,8020.0,10.0,11284.0,5212.0,5849.0,10.0,3.0,7.0,105.0,73.0,32.0,0.0,39.0,5888.0,2005.0,2821.0,8020.0,10.0,11284.0,23.0,8020.0,10.0,11284.0,28.0,,,,,,,,,,,
2006,Arisdorf,,,,,,,103.0,1377.0,,,2006.0,2821.0,2006.0,2821.0,21.0,,,59.0,4.5,5.0,,,8024.0,10.0,11284.0,5212.0,5918.0,13.0,10.0,3.0,100.0,103.0,-3.0,0.0,0.0,5918.0,2006.0,2821.0,8024.0,10.0,11284.0,31.0,8024.0,10.0,11284.0,28.0,,,,,,,,,,,
2007,Arisdorf,,,,,,,110.0,1392.0,,,2007.0,2821.0,2007.0,2821.0,10.0,,,59.0,4.5,5.0,,,8028.0,10.0,11284.0,5212.0,5992.0,14.0,7.0,7.0,138.0,112.0,26.0,0.0,33.0,6025.0,2007.0,2821.0,8028.0,10.0,11284.0,23.0,8028.0,10.0,11284.0,27.0,,,,,,,,,,,
2008,Arisdorf,,,,,,,112.0,1407.0,,,2008.0,2821.0,2008.0,2821.0,5.0,,,59.0,4.5,3.5,,,8032.0,10.0,11284.0,5212.0,6067.0,7.0,4.0,3.0,101.0,86.0,15.0,0.0,18.0,6085.0,2008.0,2821.0,8032.0,10.0,11284.0,28.0,8032.0,10.0,11284.0,35.0,,,,,,,,,,,
2009,Arisdorf,,,,,,,117.0,1432.0,,,2009.0,2821.0,2009.0,2821.0,13.0,,,59.0,4.5,3.5,,,8036.0,10.0,11284.0,5212.0,6173.0,13.0,6.0,7.0,101.0,62.0,39.0,0.0,46.0,6219.0,2009.0,2821.0,8036.0,10.0,11284.0,29.0,8036.0,10.0,11284.0,25.0,,,,,,,,,,,
2010,Arisdorf,,,,,,,125.0,1453.0,,,2010.0,2821.0,2010.0,2821.0,9.0,,,59.0,4.5,3.5,,,8040.0,10.0,11284.0,5212.0,6314.0,11.0,9.0,2.0,86.0,91.0,-5.0,0.0,-3.0,6311.0,2010.0,2821.0,8040.0,10.0,11284.0,38.0,8040.0,10.0,11284.0,26.0,0.0,1296.5454604608356,1486.2472477473036,1738.612926007518,1323.4870880043466,44.5514568311,,463.2345985752,114.0803341321,46.1701982985,668.0365878369
2011,Arisdorf,,,,,,,134.0,1460.0,,,2011.0,2821.0,2011.0,2821.0,35.0,,,59.0,4.5,2.75,,,8044.0,10.0,11284.0,5212.0,6361.0,13.0,9.0,4.0,122.0,100.0,22.0,0.0,26.0,6387.0,2011.0,2821.0,6033.0,9.0,8463.0,12.0,8044.0,10.0,11284.0,15.0,0.0,1296.5454604608356,1486.2472477473036,1738.612926007518,1323.4870880043466,44.5514568311,,463.2345985752,114.0803341321,46.1701982985,668.0365878369
2012,Arisdorf,131.0,267.0,95.0,96.0,34.0,13.0,140.0,1484.0,,,2012.0,2821.0,2012.0,2821.0,1.0,,,59.0,4.5,2.75,,,8048.0,10.0,11284.0,5212.0,6487.0,17.0,8.0,9.0,129.0,119.0,10.0,0.0,19.0,6506.0,2012.0,2821.0,8048.0,10.0,11284.0,14.0,8048.0,10.0,11284.0,15.0,0.0,1296.5454604608356,1486.2472477473036,1738.612926007518,1323.4870880043466,44.5514568311,,463.2345985752,114.0803341321,46.1701982985,668.0365878369
2013,Arisdorf,140.0,271.0,91.0,97.0,33.0,13.0,149.0,1472.0,( )5,( )6,2013.0,2821.0,2013.0,2821.0,0.0,,,59.0,4.5,2.75,959.0,67272696.0,8052.0,10.0,11284.0,5212.0,6485.0,9.0,17.0,-8.0,108.0,102.0,6.0,0.0,-2.0,6483.0,2013.0,2821.0,8052.0,10.0,11284.0,21.0,8052.0,10.0,11284.0,18.0,0.0,1296.5454604608356,1486.2472477473036,1738.612926007518,1323.4870880043466,44.5514568311,,463.2345985752,114.0803341321,46.1701982985,668.0365878369
2014,Arisdorf,139.0,263.0,84.0,108.0,34.0,12.0,154.0,1468.0,04,04,2014.0,2821.0,2014.0,2821.0,2.0,,,59.0,4.5,2.75,967.0,66006436.0,8056.0,10.0,11284.0,5212.0,6489.0,16.0,15.0,1.0,107.0,108.0,-1.0,0.0,0.0,6489.0,2014.0,2821.0,6042.0,8.0,8463.0,10.0,8056.0,10.0,11284.0,12.0,0.0,1296.5454604608356,1486.2472477473036,1738.612926007518,1323.4870880043466,44.5514568311,,463.2345985752,114.0803341321,46.1701982985,668.0365878369
2015,Arisdorf,141.0,263.0,89.0,116.0,35.0,11.0,162.0,1478.0,( )5,06,2015.0,2821.0,2015.0,2821.0,8.0,,,59.0,4.5,2.75,982.0,68050162.0,8060.0,10.0,11284.0,5212.0,6536.0,12.0,11.0,1.0,139.0,95.0,44.0,0.0,45.0,6581.0,2015.0,2821.0,8060.0,10.0,11284.0,21.0,8060.0,10.0,11284.0,21.0,0.0,1285.93126603988,1601.22218654899,1802.8749889660137,1492.762047163475,34.9043465486,,379.9956032795,138.749765489,59.6266217782,613.2763370953
2016,Arisdorf,142.0,262.0,104.0,102.0,36.0,12.0,180.0,1483.0,08,07,2016.0,2821.0,2016.0,2821.0,1.0,,,59.0,4.5,2.75,983.0,68597107.0,8064.0,10.0,11284.0,5212.0,6652.0,12.0,12.0,0.0,109.0,111.0,-2.0,0.0,-2.0,6650.0,2016.0,2821.0,6048.0,6.0,8463.0,13.0,6048.0,6.0,8463.0,14.0,0.0,1285.93126603988,1601.22218654899,1802.8749889660137,1492.762047163475,34.9043465486,,379.9956032795,138.749765489,59.6266217782,613.2763370953
2017,Arisdorf,138.0,267.0,101.0,103.0,31.0,11.0,188.0,1471.0,05,0( ),2017.0,2821.0,2017.0,2821.0,0.0,,,59.0,4.5,2.75,971.0,69512272.0,8068.0,10.0,11284.0,5212.0,6642.0,4.0,8.0,-4.0,86.0,100.0,-14.0,0.0,-18.0,6624.0,2017.0,2821.0,8068.0,10.0,11284.0,19.0,8068.0,10.0,11284.0,23.0,0.0,1285.93126603988,1601.22218654899,1802.8749889660137,1492.762047163475,34.9043465486,,379.9956032795,138.749765489,59.6266217782,613.2763370953
2018,Arisdorf,151.0,256.0,102.0,107.0,29.0,12.0,183.0,1468.0,( )4,0( ),2018.0,2821.0,2018.0,2821.0,9.0,,,59.0,4.5,2.75,1007.0,70704006.0,8072.0,10.0,11284.0,5212.0,6599.0,14.0,17.0,-3.0,127.0,117.0,10.0,0.0,7.0,6606.0,2018.0,2821.0,6054.0,7.0,8463.0,11.0,6054.0,9.0,8463.0,11.0,0.0,1285.93126603988,1601.22218654899,1802.8749889660137,1492.762047163475,34.9043465486,,379.9956032795,138.749765489,59.6266217782,613.2763370953
2019,Arisdorf,150.0,277.0,111.0,92.0,29.0,13.0,192.0,1476.0,( )5,( )4,2019.0,2821.0,2019.0,2821.0,9.0,,,59.0,4.5,2.75,1019.0,71871032.0,8076.0,10.0,11284.0,5212.0,6666.0,9.0,8.0,1.0,115.0,105.0,10.0,0.0,11.0,6677.0,2019.0,2821.0,8076.0,10.0,11284.0,12.0,8076.0,10.0,11284.0,12.0,0.0,1285.93126603988,1601.22218654899,1802.8749889660137,1492.762047163475,34.9043465486,,379.9956032795,138.749765489,59.6266217782,613.2763370953
2020,Arisdorf,165.0,282.0,105.0,98.0,33.0,12.0,194.0,1468.0,( )( ),45,2020.0,2821.0,2020.0,2821.0,15.0,,,59.0,4.5,0.55,1057.0,71477535.0,8080.0,10.0,11284.0,5212.0,6629.0,17.0,13.0,4.0,136.0,103.0,33.0,0.0,37.0,6666.0,2020.0,2821.0,8080.0,10.0,11284.0,17.0,8080.0,10.0,11284.0,16.0,,,,,,,,,,,
2021,Arisdorf,174.0,274.0,106.0,95.0,34.0,14.0,214.0,1497.0,06,0( ),2021.0,2821.0,2021.0,2821.0,3.0,,,59.0,4.5,0.55,1059.0,70501874.0,8084.0,10.0,11284.0,5212.0,6840.0,17.0,10.0,7.0,105.0,101.0,4.0,0.0,11.0,6851.0,2021.0,2821.0,8084.0,10.0,11284.0,20.0,8084.0,10.0,11284.0,26.0,,,,,,,,,,,
2022,Arisdorf,177.0,272.0,99.0,108.0,30.0,14.0,227.0,1484.0,05,,2022.0,2821.0,2022.0,2821.0,1.0,,,59.0,4.5,0.55,1051.0,74295978.0,8088.0,10.0,11284.0,5212.0,6834.0,11.0,16.0,-5.0,104.0,83.0,21.0,0.0,16.0,6850.0,2022.0,2821.0,8088.0,10.0,11284.0,20.0,8088.0,10.0,11284.0,15.0,,,,,,,,,,,
2023,Arisdorf,178.0,276.0,96.0,109.0,30.0,14.0,245.0,1489.0,( )( ),,2023.0,2821.0,2023.0,2821.0,1.0,55.0,55.0,59.0,,,,,8092.0,10.0,11284.0,5212.0,6919.0,8.0,11.0,-3.0,125.0,93.0,32.0,0.0,29.0,6948.0,2023.0,2821.0,8092.0,10.0,11284.0,12.0,6069.0,7.0,8463.0,11.0,,,,,,,,,,,
2024,Arisdorf,188.0,270.0,99.0,111.0,34.0,11.0,281.0,1489.0,,,2024.0,2821.0,2024.0,2821.0,5.0,55.0,55.0,59.0,,,,,8096.0,10.0,11284.0,5212.0,7071.0,11.0,17.0,-6.0,144.0,114.0,30.0,0.0,24.0,7095.0,2024.0,2821.0,8096.0,10.0,11284.0,15.0,8096.0,10.0,11284.0,14.0,,,,,,,,,,,
2025,Arisdorf,,,,,,,,,,,,,,,,55.0,55.0,59.0,,,,,6075.0,6.0,8463.0,3909.0,5262.0,8.0,14.0,-6.0,95.0,125.0,-30.0,0.0,-36.0,5226.0,,,4050.0,3.0,5642.0,5.0,4050.0,3.0,5642.0,4.0,,,,,,,,,,,
1975,Arlesheim,,,,,,,,,,,,,,,,,,54.0,,,,,,,,,,,,,,,,,,,,,,,,,,,,,,,,,,,,,,,
1976,Arlesheim,,,,,,,,,,,,,,,,,,56.16,,,,,,,,,,,,,,,,,,,,,,,,,,,,,,,,,,,,,,,
1977,Arlesheim,,,,,,,,,,,,,,,,,,57.2,,,,,,,,,,,,,,,,,,,,,,,,,,,,,,,,,,,,,,,
1978,Arlesheim,,,,,,,,,,,,,,,,,,57.2,,,,,,,,,,,,,,,,,,,,,,,,,,,,,,,,,,,,,,,
1979,Arlesheim,,,,,,,,,,,1979.0,2763.0,,,,,,55.0,,,,,,,,,,,,,,,,,,,1979.0,2763.0,,,,,,,,,,,,,,,,,,,
1980,Arlesheim,,,,,,,1690.0,6774.0,,,1980.0,2763.0,,,,,,53.41,,,,,,,,,,,,,,,,,,,1980.0,2763.0,,,,,,,,,,,,,,,,,,,
1981,Arlesheim,,,,,,,1693.0,6886.0,,,1981.0,2763.0,,,,,,53.41,,,,,,,,,,,,,,,,,,,1981.0,2763.0,,,,,,,,,,,,,,,,,,,
1982,Arlesheim,,,,,,,1671.0,6912.0,,,1982.0,2763.0,,,,,,53.75,,,,,,,,,,,,,,,,,,,1982.0,2763.0,,,,,,,,,,,,,,,,,,,
1983,Arlesheim,,,,,,,1653.0,6908.0,,,1983.0,2763.0,,,,,,52.68,,,,,,,,,,,,,,,,,,,1983.0,2763.0,,,,,,,,,,,,,,,,,,,
1984,Arlesheim,,,,,,,1648.0,6872.0,,,1984.0,2763.0,,,,,,52.68,,,,,,,,,,,,,,,,,,,1984.0,2763.0,,,,,,,,,,,,,,,,,,,
1985,Arlesheim,,,,,,,1679.0,6863.0,,,1985.0,2763.0,,,,,,51.12,,,,,,,,,,,,,,,,,,,1985.0,2763.0,,,,,,,,,,,,,,,,,,,
1986,Arlesheim,,,,,,,1676.0,6856.0,,,1986.0,2763.0,,,,,,51.12,,,,,,,,,,,,,,,,,,,1986.0,2763.0,,,,,,,,,,,,,,,,,,,
1987,Arlesheim,,,,,,,1686.0,6851.0,,,1987.0,2763.0,,,,,,50.64,,,,,,,,,,,,,,,,,,,1987.0,2763.0,,,,,,,,,,,,,,,,,,,
1988,Arlesheim,,,,,,,1694.0,6847.0,,,1988.0,2763.0,,,,,,50.64,,,,,,,,,,,,,,,,,,,1988.0,2763.0,,,,,,,,,,,,,,,,,,,
1989,Arlesheim,,,,,,,1693.0,6805.0,,,1989.0,2763.0,,,,,,50.64,,,,,,,,,,,,,,,,,,,1989.0,2763.0,,,,,,,,,,,,,,,,,,,
1990,Arlesheim,,,,,,,1730.0,6850.0,,,1990.0,2763.0,,,,,,48.76,,,,,,,,,,,,,,,,,,,1990.0,2763.0,,,,,,,,,,,,,,,,,,,
1991,Arlesheim,,,,,,,1701.0,6805.0,,,1991.0,2763.0,,,,,,48.375,,,,,,,,,,,,,,,,,,,1991.0,2763.0,,,,,,,,,,,,,,,,,,,
1992,Arlesheim,,,,,,,1685.0,6744.0,,,1992.0,2763.0,,,,,,48.375,,,,,,,,,,,,,,,,,,,1992.0,2763.0,,,,,,,,,,,,,,,,,,,
1993,Arlesheim,,,,,,,1652.0,6636.0,,,1993.0,2763.0,,,,,,49.5,,,,,,,,,,,,,,,,,,,1993.0,2763.0,,,,,,,,,,,,,,,,,,,
1994,Arlesheim,,,,,,,1696.0,6609.0,,,1994.0,2763.0,1994.0,2763.0,40.0,,,50.175,,,,,,,,,,,,,,,,,,,1994.0,2763.0,,,,,,,,,,,,,,,,,,,
1995,Arlesheim,,,,,,,1695.0,6654.0,,,1995.0,2763.0,1995.0,2763.0,93.0,,,50.175,,,,,,,,,,,,,,,,,,,1995.0,2763.0,,,,,,,,,,,,,,,,,,,
1996,Arlesheim,,,,,,,1724.0,6695.0,,,1996.0,2763.0,1996.0,2763.0,41.0,,,50.18,,,,,,,,,,,,,,,,,,,1996.0,2763.0,,,,,,,,,,,,,,,,,,,
1997,Arlesheim,,,,,,,1706.0,6751.0,,,1997.0,2763.0,1997.0,2763.0,123.0,,,49.05,,,,,,,,,,,,,,,,,,,1997.0,2763.0,,,,,,,,,,,,,,,,,,,
1998,Arlesheim,,,,,,,1660.0,6812.0,,,1998.0,2763.0,1998.0,2763.0,89.0,,,48.6,,,,,,,,,,,,,,,,,,,1998.0,2763.0,,,,,,,,,,,,,,,,,,,
1999,Arlesheim,,,,,,,1670.0,6843.0,,,1999.0,2763.0,1999.0,2763.0,95.0,,,48.6,,,,,,,,,,,,,,,,,,,1999.0,2763.0,,,,,,,,,,,,,,,,,,,
2000,Arlesheim,,,,,,,1694.0,6864.0,,,2000.0,2763.0,2000.0,2763.0,23.0,,,48.6,4.0,5.0,,,,,,,,,,,,,,,,,2000.0,2763.0,,,,,,,,,,,,,,,,,,,
2001,Arlesheim,,,,,,,1727.0,7016.0,,,2001.0,2763.0,2001.0,2763.0,50.0,,,46.6,4.0,5.0,,,,,,,,,,,,,,,,,2001.0,2763.0,,,,,,,,,,,,,,,,,,,
2002,Arlesheim,,,,,,,1854.0,7061.0,,,2002.0,2763.0,2002.0,2763.0,39.0,,,45.0,4.0,5.0,,,,,,,,,,,,,,,,,2002.0,2763.0,,,,,,,,,,,,,,,,,,,
2003,Arlesheim,,,,,,,1845.0,7101.0,,,2003.0,2763.0,2003.0,2763.0,50.0,,,45.0,4.0,5.0,,,8012.0,10.0,11052.0,5204.0,35738.0,73.0,90.0,-17.0,763.0,655.0,108.0,0.0,91.0,35829.0,2003.0,2763.0,,,,,,,,,,,,,,,,,,,
2004,Arlesheim,,,,,,,1828.0,7166.0,,,2004.0,2763.0,2004.0,2763.0,5.0,,,45.0,4.0,5.0,,,8016.0,10.0,11052.0,5204.0,36004.0,79.0,84.0,-5.0,638.0,690.0,-52.0,-1.0,-58.0,35946.0,2004.0,2763.0,,,,,,,,,,,,,,,,,,,
2005,Arlesheim,,,,,,,1783.0,7119.0,,,2005.0,2763.0,2005.0,2763.0,17.0,,,45.0,4.0,5.0,,,8020.0,10.0,11052.0,5204.0,35634.0,77.0,81.0,-4.0,630.0,676.0,-46.0,0.0,-50.0,35584.0,2005.0,2763.0,8020.0,10.0,11052.0,52.0,8020.0,10.0,11052.0,49.0,,,,,,,,,,,
2006,Arlesheim,,,,,,,1749.0,7175.0,,,2006.0,2763.0,2006.0,2763.0,29.0,,,45.0,4.0,5.0,,,8024.0,10.0,11052.0,5204.0,35692.0,74.0,76.0,-2.0,625.0,623.0,2.0,0.0,0.0,35692.0,2006.0,2763.0,8024.0,10.0,11052.0,59.0,8024.0,10.0,11052.0,72.0,,,,,,,,,,,
2007,Arlesheim,,,,,,,1742.0,7194.0,,,2007.0,2763.0,2007.0,2763.0,15.0,,,45.0,4.0,5.0,,,8028.0,10.0,11052.0,5204.0,35715.0,74.0,75.0,-1.0,680.0,623.0,57.0,0.0,56.0,35771.0,2007.0,2763.0,8028.0,10.0,11052.0,46.0,8028.0,10.0,11052.0,43.0,,,,,,,,,,,
2008,Arlesheim,,,,,,,1727.0,7215.0,,,2008.0,2763.0,2008.0,2763.0,34.0,,,45.0,4.0,3.5,,,8032.0,10.0,11052.0,5204.0,35793.0,62.0,74.0,-12.0,597.0,637.0,-40.0,-1.0,-53.0,35740.0,2008.0,2763.0,8032.0,10.0,11052.0,58.0,8032.0,10.0,11052.0,61.0,,,,,,,,,,,
2009,Arlesheim,,,,,,,1705.0,7201.0,,,2009.0,2763.0,2009.0,2763.0,101.0,,,45.0,4.0,3.5,,,8036.0,10.0,11052.0,5204.0,35612.0,78.0,114.0,-36.0,643.0,583.0,60.0,0.0,24.0,35636.0,2009.0,2763.0,8036.0,10.0,11052.0,59.0,8036.0,10.0,11052.0,55.0,,,,,,,,,,,
2010,Arlesheim,,,,,,,1744.0,7243.0,,,2010.0,2763.0,2010.0,2763.0,35.0,,,45.0,4.0,3.5,,,8040.0,10.0,11052.0,5204.0,35897.0,84.0,80.0,4.0,668.0,571.0,97.0,0.0,101.0,35998.0,2010.0,2763.0,8040.0,10.0,11052.0,55.0,8040.0,10.0,11052.0,49.0,1088.6179674259172,1321.7113204948791,1700.9157611053902,2486.6577254262943,1509.930258037844,90.9702670936,126.3240745233,1112.808428607,2257.4310365705,536.3149614865,4123.8487682809
2011,Arlesheim,,,,,,,1750.0,7261.0,,,2011.0,2763.0,2011.0,2763.0,103.0,,,45.0,4.0,2.75,,,8044.0,10.0,11052.0,5204.0,36043.0,62.0,110.0,-48.0,688.0,641.0,47.0,0.0,-1.0,36042.0,2011.0,2763.0,8044.0,10.0,11052.0,56.0,8044.0,10.0,11052.0,58.0,1088.6179674259172,1321.7113204948791,1700.9157611053902,2486.6577254262943,1509.930258037844,90.9702670936,126.3240745233,1112.808428607,2257.4310365705,536.3149614865,4123.8487682809
2012,Arlesheim,1404.0,1434.0,537.0,510.0,139.0,47.0,1738.0,7312.0,,,2012.0,2763.0,2012.0,2763.0,62.0,,,45.0,4.0,2.75,,,8048.0,10.0,11052.0,5204.0,36180.0,72.0,82.0,-10.0,746.0,693.0,53.0,-1.0,42.0,36222.0,2012.0,2763.0,8048.0,10.0,11052.0,47.0,8048.0,10.0,11052.0,40.0,1088.6179674259172,1321.7113204948791,1700.9157611053902,2486.6577254262943,1509.930258037844,90.9702670936,126.3240745233,1112.808428607,2257.4310365705,536.3149614865,4123.8487682809
2013,Arlesheim,1417.0,1445.0,536.0,515.0,143.0,38.0,1774.0,7323.0,( )23,( )30,2013.0,2763.0,2013.0,2763.0,34.0,,,45.0,4.0,2.75,5779.0,477755096.0,8052.0,10.0,11052.0,5204.0,36352.0,73.0,94.0,-21.0,625.0,537.0,88.0,0.0,67.0,36419.0,2013.0,2763.0,8052.0,10.0,11052.0,34.0,8052.0,10.0,11052.0,39.0,1088.6179674259172,1321.7113204948791,1700.9157611053902,2486.6577254262943,1509.930258037844,90.9702670936,126.3240745233,1112.808428607,2257.4310365705,536.3149614865,4123.8487682809
2014,Arlesheim,1482.0,1447.0,537.0,495.0,150.0,37.0,1847.0,7316.0,( )57,( )53,2014.0,2763.0,2014.0,2763.0,19.0,,,45.0,4.0,2.75,5821.0,496718823.0,8056.0,10.0,11052.0,5204.0,36646.0,70.0,101.0,-31.0,619.0,575.0,44.0,0.0,13.0,36659.0,2014.0,2763.0,8056.0,10.0,11052.0,42.0,8056.0,10.0,11052.0,30.0,1088.6179674259172,1321.7113204948791,1700.9157611053902,2486.6577254262943,1509.930258037844,90.9702670936,126.3240745233,1112.808428607,2257.4310365705,536.3149614865,4123.8487682809
2015,Arlesheim,1505.0,1429.0,557.0,495.0,155.0,37.0,1895.0,7299.0,038,( )30,2015.0,2763.0,2015.0,2763.0,39.0,,,45.0,4.0,2.75,5879.0,496739455.0,8060.0,10.0,11052.0,5204.0,36737.0,65.0,111.0,-46.0,727.0,603.0,124.0,0.0,78.0,36815.0,2015.0,2763.0,8060.0,10.0,11052.0,35.0,8060.0,10.0,11052.0,43.0,1007.3237381705696,1382.098025347679,1712.0370042557065,2408.6305222418828,1483.157538475013,84.1078476148,129.1161343722,1036.1981265339,2609.0331141357,677.0121662103,4535.4673888669
2016,Arlesheim,1521.0,1434.0,557.0,502.0,160.0,35.0,1929.0,7331.0,366,( )42,2016.0,2763.0,2016.0,2763.0,6.0,,,45.0,4.0,2.75,5899.0,499241113.0,8064.0,10.0,11052.0,5204.0,37003.0,70.0,92.0,-22.0,650.0,555.0,95.0,0.0,73.0,37076.0,2016.0,2763.0,8064.0,10.0,11052.0,50.0,8064.0,10.0,11052.0,51.0,1007.3237381705696,1382.098025347679,1712.0370042557065,2408.6305222418828,1483.157538475013,84.1078476148,129.1161343722,1036.1981265339,2609.0331141357,677.0121662103,4535.4673888669
2017,Arlesheim,1556.0,1391.0,568.0,490.0,155.0,38.0,1939.0,7316.0,528,532,2017.0,2763.0,2017.0,2763.0,26.0,,,45.0,4.0,2.75,5763.0,501483957.0,8068.0,10.0,11052.0,5204.0,37057.0,74.0,98.0,-24.0,518.0,575.0,-57.0,0.0,-81.0,36976.0,2017.0,2763.0,8068.0,10.0,11052.0,38.0,8068.0,10.0,11052.0,38.0,1007.3237381705696,1382.098025347679,1712.0370042557065,2408.6305222418828,1483.157538475013,84.1078476148,129.1161343722,1036.1981265339,2609.0331141357,677.0121662103,4535.4673888669
2018,Arlesheim,1573.0,1392.0,536.0,499.0,155.0,33.0,1890.0,7306.0,( )37,( )34,2018.0,2763.0,2018.0,2763.0,18.0,,,45.0,4.0,2.75,5838.0,556788234.0,8072.0,10.0,11052.0,5204.0,36826.0,59.0,93.0,-34.0,573.0,626.0,-53.0,0.0,-87.0,36739.0,2018.0,2763.0,8072.0,10.0,11052.0,45.0,8072.0,10.0,11052.0,49.0,1007.3237381705696,1382.098025347679,1712.0370042557065,2408.6305222418828,1483.157538475013,84.1078476148,129.1161343722,1036.1981265339,2609.0331141357,677.0121662103,4535.4673888669
2019,Arlesheim,1592.0,1412.0,497.0,516.0,157.0,33.0,1831.0,7306.0,( )31,440,2019.0,2763.0,2019.0,2763.0,31.0,,,45.0,4.0,2.75,5898.0,516429749.0,8076.0,10.0,11052.0,5204.0,36542.0,76.0,94.0,-18.0,556.0,526.0,30.0,0.0,12.0,36554.0,2019.0,2763.0,8076.0,10.0,11052.0,50.0,8076.0,10.0,11052.0,48.0,1007.3237381705696,1382.098025347679,1712.0370042557065,2408.6305222418828,1483.157538475013,84.1078476148,129.1161343722,1036.1981265339,2609.0331141357,677.0121662103,4535.4673888669
2020,Arlesheim,1641.0,1465.0,478.0,522.0,148.0,34.0,1841.0,7335.0,( )17,( )34,2020.0,2763.0,2020.0,2763.0,77.0,,,45.0,4.0,0.55,5970.0,493530482.0,8080.0,10.0,11052.0,5204.0,36669.0,69.0,113.0,-44.0,639.0,527.0,112.0,0.0,68.0,36737.0,2020.0,2763.0,8080.0,10.0,11052.0,43.0,8080.0,10.0,11052.0,48.0,,,,,,,,,,,
2021,Arlesheim,1692.0,1469.0,477.0,516.0,143.0,33.0,1860.0,7381.0,( )41,( )34,2021.0,2763.0,2021.0,2763.0,40.0,,,45.0,4.0,0.55,6000.0,501980688.0,8084.0,10.0,11052.0,5204.0,36960.0,59.0,124.0,-65.0,572.0,498.0,74.0,0.0,9.0,36969.0,2021.0,2763.0,8084.0,10.0,11052.0,48.0,8084.0,10.0,11052.0,51.0,,,,,,,,,,,
2022,Arlesheim,1714.0,1453.0,518.0,501.0,138.0,33.0,1942.0,7391.0,544,,2022.0,2763.0,2022.0,2763.0,50.0,,,47.0,4.0,0.55,5988.0,520393307.0,8088.0,10.0,11052.0,5204.0,37260.0,52.0,123.0,-71.0,742.0,525.0,217.0,0.0,146.0,37406.0,2022.0,2763.0,8088.0,10.0,11052.0,51.0,8088.0,10.0,11052.0,50.0,,,,,,,,,,,
2023,Arlesheim,1719.0,1457.0,512.0,506.0,149.0,39.0,2042.0,7365.0,544,,2023.0,2763.0,2023.0,2763.0,33.0,50.0,50.0,47.0,,,,,8092.0,10.0,11052.0,5204.0,37612.0,56.0,110.0,-54.0,617.0,528.0,89.0,-1.0,34.0,37646.0,2023.0,2763.0,8092.0,10.0,11052.0,30.0,8092.0,10.0,11052.0,30.0,,,,,,,,,,,
2024,Arlesheim,1730.0,1415.0,513.0,516.0,141.0,36.0,2025.0,7336.0,,,2024.0,2763.0,2024.0,2763.0,8.0,50.0,50.0,47.0,,,,,8096.0,10.0,11052.0,5204.0,37489.0,62.0,103.0,-41.0,522.0,572.0,-50.0,0.0,-91.0,37398.0,2024.0,2763.0,8096.0,10.0,11052.0,41.0,8096.0,10.0,11052.0,55.0,,,,,,,,,,,
2025,Arlesheim,,,,,,,,,,,,,,,,50.0,50.0,47.0,,,,,6075.0,6.0,8289.0,3903.0,27969.0,51.0,69.0,-18.0,434.0,428.0,6.0,0.0,-12.0,27957.0,,,4050.0,3.0,5526.0,25.0,4050.0,3.0,5526.0,17.0,,,,,,,,,,,
1975,Augst,,,,,,,,,,,,,,,,,,53.55,,,,,,,,,,,,,,,,,,,,,,,,,,,,,,,,,,,,,,,
1976,Augst,,,,,,,,,,,,,,,,,,58.85,,,,,,,,,,,,,,,,,,,,,,,,,,,,,,,,,,,,,,,
1977,Augst,,,,,,,,,,,,,,,,,,64.2,,,,,,,,,,,,,,,,,,,,,,,,,,,,,,,,,,,,,,,
1978,Augst,,,,,,,,,,,,,,,,,,64.2,,,,,,,,,,,,,,,,,,,,,,,,,,,,,,,,,,,,,,,
1979,Augst,,,,,,,,,,,1979.0,2822.0,,,,,,64.2,,,,,,,,,,,,,,,,,,,1979.0,2822.0,,,,,,,,,,,,,,,,,,,
1980,Augst,,,,,,,105.0,749.0,,,1980.0,2822.0,,,,,,60.99,,,,,,,,,,,,,,,,,,,1980.0,2822.0,,,,,,,,,,,,,,,,,,,
1981,Augst,,,,,,,107.0,734.0,,,1981.0,2822.0,,,,,,60.99,,,,,,,,,,,,,,,,,,,1981.0,2822.0,,,,,,,,,,,,,,,,,,,
1982,Augst,,,,,,,110.0,743.0,,,1982.0,2822.0,,,,,,60.99,,,,,,,,,,,,,,,,,,,1982.0,2822.0,,,,,,,,,,,,,,,,,,,
1983,Augst,,,,,,,117.0,747.0,,,1983.0,2822.0,,,,,,60.99,,,,,,,,,,,,,,,,,,,1983.0,2822.0,,,,,,,,,,,,,,,,,,,
1984,Augst,,,,,,,147.0,728.0,,,1984.0,2822.0,,,,,,60.99,,,,,,,,,,,,,,,,,,,1984.0,2822.0,,,,,,,,,,,,,,,,,,,
1985,Augst,,,,,,,157.0,706.0,,,1985.0,2822.0,,,,,,60.99,,,,,,,,,,,,,,,,,,,1985.0,2822.0,,,,,,,,,,,,,,,,,,,
1986,Augst,,,,,,,144.0,715.0,,,1986.0,2822.0,,,,,,60.99,,,,,,,,,,,,,,,,,,,1986.0,2822.0,,,,,,,,,,,,,,,,,,,
1987,Augst,,,,,,,143.0,719.0,,,1987.0,2822.0,,,,,,49.05,,,,,,,,,,,,,,,,,,,1987.0,2822.0,,,,,,,,,,,,,,,,,,,
1988,Augst,,,,,,,141.0,710.0,,,1988.0,2822.0,,,,,,49.05,,,,,,,,,,,,,,,,,,,1988.0,2822.0,,,,,,,,,,,,,,,,,,,
1989,Augst,,,,,,,143.0,691.0,,,1989.0,2822.0,,,,,,49.05,,,,,,,,,,,,,,,,,,,1989.0,2822.0,,,,,,,,,,,,,,,,,,,
1990,Augst,,,,,,,151.0,679.0,,,1990.0,2822.0,,,,,,49.05,,,,,,,,,,,,,,,,,,,1990.0,2822.0,,,,,,,,,,,,,,,,,,,
1991,Augst,,,,,,,164.0,665.0,,,1991.0,2822.0,,,,,,49.05,,,,,,,,,,,,,,,,,,,1991.0,2822.0,,,,,,,,,,,,,,,,,,,
1992,Augst,,,,,,,155.0,656.0,,,1992.0,2822.0,,,,,,49.05,,,,,,,,,,,,,,,,,,,1992.0,2822.0,,,,,,,,,,,,,,,,,,,
1993,Augst,,,,,,,161.0,653.0,,,1993.0,2822.0,,,,,,49.05,,,,,,,,,,,,,,,,,,,1993.0,2822.0,,,,,,,,,,,,,,,,,,,
1994,Augst,,,,,,,170.0,662.0,,,1994.0,2822.0,1994.0,2822.0,2.0,,,49.05,,,,,,,,,,,,,,,,,,,1994.0,2822.0,,,,,,,,,,,,,,,,,,,
1995,Augst,,,,,,,173.0,648.0,,,1995.0,2822.0,1995.0,2822.0,0.0,,,49.05,,,,,,,,,,,,,,,,,,,1995.0,2822.0,,,,,,,,,,,,,,,,,,,
1996,Augst,,,,,,,165.0,632.0,,,1996.0,2822.0,1996.0,2822.0,17.0,,,49.95,,,,,,,,,,,,,,,,,,,1996.0,2822.0,,,,,,,,,,,,,,,,,,,
1997,Augst,,,,,,,168.0,640.0,,,1997.0,2822.0,1997.0,2822.0,1.0,,,49.95,,,,,,,,,,,,,,,,,,,1997.0,2822.0,,,,,,,,,,,,,,,,,,,
1998,Augst,,,,,,,169.0,642.0,,,1998.0,2822.0,1998.0,2822.0,7.0,,,49.95,,,,,,,,,,,,,,,,,,,1998.0,2822.0,,,,,,,,,,,,,,,,,,,
1999,Augst,,,,,,,181.0,632.0,,,1999.0,2822.0,1999.0,2822.0,0.0,,,49.95,,,,,,,,,,,,,,,,,,,1999.0,2822.0,,,,,,,,,,,,,,,,,,,
2000,Augst,,,,,,,186.0,760.0,,,2000.0,2822.0,2000.0,2822.0,74.0,,,49.95,3.8,5.0,,,,,,,,,,,,,,,,,2000.0,2822.0,,,,,,,,,,,,,,,,,,,
2001,Augst,,,,,,,188.0,784.0,,,2001.0,2822.0,2001.0,2822.0,0.0,,,49.95,3.8,5.0,,,,,,,,,,,,,,,,,2001.0,2822.0,,,,,,,,,,,,,,,,,,,
2002,Augst,,,,,,,183.0,778.0,,,2002.0,2822.0,2002.0,2822.0,1.0,,,50.0,4.2,5.5,,,,,,,,,,,,,,,,,2002.0,2822.0,,,,,,,,,,,,,,,,,,,
2003,Augst,,,,,,,172.0,774.0,,,2003.0,2822.0,2003.0,2822.0,0.0,,,50.0,4.2,5.5,,,8012.0,10.0,11288.0,5212.0,3794.0,4.0,14.0,-10.0,72.0,85.0,-13.0,0.0,-23.0,3771.0,2003.0,2822.0,,,,,,,,,,,,,,,,,,,
2004,Augst,,,,,,,179.0,756.0,,,2004.0,2822.0,2004.0,2822.0,1.0,,,50.0,4.2,5.5,,,8016.0,10.0,11288.0,5212.0,3739.0,7.0,11.0,-4.0,77.0,72.0,5.0,0.0,1.0,3740.0,2004.0,2822.0,,,,,,,,,,,,,,,,,,,
2005,Augst,,,,,,,177.0,743.0,,,2005.0,2822.0,2005.0,2822.0,0.0,,,50.0,4.2,5.5,,,8020.0,10.0,11288.0,5212.0,3686.0,6.0,5.0,1.0,72.0,86.0,-14.0,0.0,-13.0,3673.0,2005.0,2822.0,6015.0,6.0,8466.0,12.0,8020.0,10.0,11288.0,17.0,,,,,,,,,,,
2006,Augst,,,,,,,179.0,740.0,,,2006.0,2822.0,2006.0,2822.0,1.0,,,50.0,4.2,5.5,,,8024.0,10.0,11288.0,5212.0,3681.0,3.0,7.0,-4.0,76.0,83.0,-7.0,0.0,-11.0,3670.0,2006.0,2822.0,8024.0,10.0,11288.0,13.0,8024.0,10.0,11288.0,11.0,,,,,,,,,,,
2007,Augst,,,,,,,168.0,736.0,,,2007.0,2822.0,2007.0,2822.0,0.0,,,50.0,4.2,5.5,,,8028.0,10.0,11288.0,5212.0,3618.0,3.0,6.0,-3.0,57.0,61.0,-4.0,0.0,-7.0,3611.0,2007.0,2822.0,8028.0,10.0,11288.0,18.0,8028.0,10.0,11288.0,16.0,,,,,,,,,,,
2008,Augst,,,,,,,162.0,734.0,,,2008.0,2822.0,2008.0,2822.0,0.0,,,50.0,4.2,3.5,,,8032.0,10.0,11288.0,5212.0,3589.0,5.0,5.0,0.0,81.0,95.0,-14.0,0.0,-14.0,3575.0,2008.0,2822.0,6024.0,9.0,8466.0,8.0,8032.0,10.0,11288.0,8.0,,,,,,,,,,,
2009,Augst,,,,,,,157.0,729.0,,,2009.0,2822.0,2009.0,2822.0,3.0,,,50.0,4.2,3.5,,,8036.0,10.0,11288.0,5212.0,3539.0,4.0,3.0,1.0,101.0,97.0,4.0,0.0,5.0,3544.0,2009.0,2822.0,8036.0,10.0,11288.0,12.0,8036.0,10.0,11288.0,12.0,,,,,,,,,,,
2010,Augst,,,,,,,154.0,730.0,,,2010.0,2822.0,2010.0,2822.0,0.0,,,53.0,4.2,3.5,,,8040.0,10.0,11288.0,5212.0,3543.0,4.0,8.0,-4.0,78.0,88.0,-10.0,0.0,-14.0,3529.0,2010.0,2822.0,8040.0,10.0,11288.0,6.0,8040.0,10.0,11288.0,9.0,818.2216878943115,1215.223100486456,1493.9017004690304,0.0,1186.0885709308052,0.0,,167.9442383518,176.4828746598,128.290394845,474.8324982797
2011,Augst,,,,,,,145.0,723.0,,,2011.0,2822.0,2011.0,2822.0,6.0,,,53.0,4.2,2.75,,,8044.0,10.0,11288.0,5212.0,3487.0,3.0,14.0,-11.0,74.0,91.0,-17.0,0.0,-28.0,3459.0,2011.0,2822.0,8044.0,10.0,11288.0,14.0,8044.0,10.0,11288.0,9.0,818.2216878943115,1215.223100486456,1493.9017004690304,0.0,1186.0885709308052,0.0,,167.9442383518,176.4828746598,128.290394845,474.8324982797
2012,Augst,166.0,170.0,46.0,27.0,11.0,2.0,138.0,709.0,,,2012.0,2822.0,2012.0,2822.0,0.0,,,53.0,4.2,2.75,,,8048.0,10.0,11288.0,5212.0,3392.0,5.0,11.0,-6.0,114.0,114.0,0.0,0.0,-6.0,3386.0,2012.0,2822.0,8048.0,10.0,11288.0,5.0,6036.0,9.0,8466.0,11.0,818.2216878943115,1215.223100486456,1493.9017004690304,0.0,1186.0885709308052,0.0,,167.9442383518,176.4828746598,128.290394845,474.8324982797
2013,Augst,170.0,181.0,46.0,27.0,10.0,2.0,141.0,719.0,0( ),04,2013.0,2822.0,2013.0,2822.0,6.0,,,53.0,4.2,2.75,572.0,35491408.0,8052.0,10.0,11288.0,5212.0,3425.0,5.0,9.0,-4.0,139.0,105.0,34.0,0.0,30.0,3455.0,2013.0,2822.0,8052.0,10.0,11288.0,10.0,6039.0,6.0,8466.0,7.0,818.2216878943115,1215.223100486456,1493.9017004690304,0.0,1186.0885709308052,0.0,,167.9442383518,176.4828746598,128.290394845,474.8324982797
2014,Augst,166.0,177.0,43.0,26.0,8.0,3.0,152.0,715.0,( )4,0( ),2014.0,2822.0,2014.0,2822.0,3.0,,,53.0,4.2,2.75,561.0,34337081.0,8056.0,10.0,11288.0,5212.0,3484.0,6.0,9.0,-3.0,96.0,119.0,-23.0,0.0,-26.0,3458.0,2014.0,2822.0,6042.0,6.0,8466.0,7.0,8056.0,10.0,11288.0,7.0,818.2216878943115,1215.223100486456,1493.9017004690304,0.0,1186.0885709308052,0.0,,167.9442383518,176.4828746598,128.290394845,474.8324982797
2015,Augst,193.0,194.0,51.0,28.0,10.0,4.0,182.0,720.0,( )7,( )4,2015.0,2822.0,2015.0,2822.0,77.0,,,53.0,4.2,2.75,622.0,39023407.0,8060.0,10.0,11288.0,5212.0,3553.0,6.0,10.0,-4.0,203.0,92.0,111.0,0.0,107.0,3660.0,2015.0,2822.0,8060.0,10.0,11288.0,10.0,8060.0,10.0,11288.0,8.0,925.4045132897952,1193.9902211956553,1817.5578127265717,0.0,1397.6236808939434,0.0,0.0,144.5157956071,175.8336177587,120.9268685902,455.2517841756
2016,Augst,190.0,217.0,56.0,29.0,8.0,5.0,214.0,783.0,( )( ),( )( ),2016.0,2822.0,2016.0,2822.0,0.0,,,53.0,4.2,2.75,649.0,42375444.0,8064.0,10.0,11288.0,5212.0,3960.0,9.0,8.0,1.0,167.0,110.0,57.0,0.0,58.0,4018.0,2016.0,2822.0,6048.0,9.0,8466.0,10.0,8064.0,10.0,11288.0,9.0,925.4045132897952,1193.9902211956553,1817.5578127265717,0.0,1397.6236808939434,0.0,0.0,144.5157956071,175.8336177587,120.9268685902,455.2517841756
2017,Augst,195.0,211.0,58.0,34.0,7.0,5.0,234.0,782.0,( )7,( )( ),2017.0,2822.0,2017.0,2822.0,1.0,,,53.0,4.2,2.75,645.0,44048717.0,8068.0,10.0,11288.0,5212.0,4061.0,11.0,9.0,2.0,104.0,99.0,5.0,0.0,7.0,4068.0,2017.0,2822.0,6051.0,9.0,8466.0,10.0,8068.0,10.0,11288.0,14.0,925.4045132897952,1193.9902211956553,1817.5578127265717,0.0,1397.6236808939434,0.0,0.0,144.5157956071,175.8336177587,120.9268685902,455.2517841756
2018,Augst,202.0,213.0,53.0,35.0,8.0,6.0,233.0,787.0,0( ),00,2018.0,2822.0,2018.0,2822.0,14.0,,,53.0,4.2,2.75,668.0,43097304.0,8072.0,10.0,11288.0,5212.0,4079.0,7.0,11.0,-4.0,120.0,112.0,8.0,0.0,4.0,4083.0,2018.0,2822.0,8072.0,10.0,11288.0,14.0,8072.0,10.0,11288.0,11.0,925.4045132897952,1193.9902211956553,1817.5578127265717,0.0,1397.6236808939434,0.0,0.0,144.5157956071,175.8336177587,120.9268685902,455.2517841756
2019,Augst,211.0,204.0,58.0,36.0,12.0,5.0,243.0,795.0,( )4,( )11,2019.0,2822.0,2019.0,2822.0,10.0,,,53.0,4.2,2.75,667.0,43974449.0,8076.0,10.0,11288.0,5212.0,4141.0,10.0,12.0,-2.0,134.0,106.0,28.0,0.0,26.0,4167.0,2019.0,2822.0,6057.0,8.0,8466.0,3.0,6057.0,6.0,8466.0,3.0,925.4045132897952,1193.9902211956553,1817.5578127265717,0.0,1397.6236808939434,0.0,0.0,144.5157956071,175.8336177587,120.9268685902,455.2517841756
2020,Augst,222.0,189.0,63.0,41.0,12.0,6.0,259.0,797.0,( )4,( )4,2020.0,2822.0,2020.0,2822.0,0.0,,,53.0,4.2,0.55,675.0,43050824.0,8080.0,10.0,11288.0,5212.0,4212.0,12.0,13.0,-1.0,140.0,117.0,23.0,0.0,22.0,4234.0,2020.0,2822.0,6060.0,7.0,8466.0,5.0,8080.0,10.0,11288.0,11.0,,,,,,,,,,,
2021,Augst,222.0,185.0,57.0,48.0,9.0,6.0,273.0,790.0,0( ),00,2021.0,2822.0,2021.0,2822.0,2.0,,,53.0,4.2,0.55,681.0,43347533.0,8084.0,10.0,11288.0,5212.0,4261.0,9.0,13.0,-4.0,84.0,103.0,-19.0,0.0,-23.0,4238.0,2021.0,2822.0,8084.0,10.0,11288.0,11.0,8084.0,10.0,11288.0,11.0,,,,,,,,,,,
2022,Augst,232.0,168.0,58.0,48.0,12.0,8.0,279.0,795.0,( )( ),,2022.0,2822.0,2022.0,2822.0,0.0,,,53.0,4.2,0.55,687.0,44175142.0,8088.0,10.0,11288.0,5212.0,4281.0,8.0,10.0,-2.0,144.0,111.0,33.0,0.0,31.0,4312.0,2022.0,2822.0,8088.0,10.0,11288.0,9.0,6066.0,8.0,8466.0,5.0,,,,,,,,,,,
2023,Augst,231.0,185.0,51.0,50.0,13.0,9.0,293.0,800.0,06,,2023.0,2822.0,2023.0,2822.0,1.0,55.0,55.0,53.0,,,,,8092.0,10.0,11288.0,5212.0,4354.0,10.0,7.0,3.0,140.0,111.0,29.0,0.0,32.0,4386.0,2023.0,2822.0,6069.0,7.0,8466.0,6.0,8092.0,10.0,11288.0,7.0,,,,,,,,,,,
2024,Augst,230.0,183.0,55.0,46.0,14.0,9.0,313.0,790.0,,,2024.0,2822.0,2024.0,2822.0,0.0,55.0,55.0,53.0,,,,,8096.0,10.0,11288.0,5212.0,4412.0,8.0,8.0,0.0,103.0,109.0,-6.0,0.0,-6.0,4406.0,2024.0,2822.0,6072.0,8.0,8466.0,8.0,8096.0,10.0,11288.0,7.0,,,,,,,,,,,
2025,Augst,,,,,,,,,,,,,,,,55.0,55.0,53.0,,,,,6075.0,6.0,8466.0,3909.0,3324.0,5.0,10.0,-5.0,119.0,92.0,27.0,0.0,22.0,3346.0,,,4050.0,3.0,5644.0,6.0,4050.0,3.0,5644.0,5.0,,,,,,,,,,,
1975,Itingen,,,,,,,,,,,,,,,,,,64.0,,,,,,,,,,,,,,,,,,,,,,,,,,,,,,,,,,,,,,,
1976,Itingen,,,,,,,,,,,,,,,,,,64.0,,,,,,,,,,,,,,,,,,,,,,,,,,,,,,,,,,,,,,,
1977,Itingen,,,,,,,,,,,,,,,,,,64.0,,,,,,,,,,,,,,,,,,,,,,,,,,,,,,,,,,,,,,,
1978,Itingen,,,,,,,,,,,,,,,,,,64.0,,,,,,,,,,,,,,,,,,,,,,,,,,,,,,,,,,,,,,,
1979,Itingen,,,,,,,,,,,1979.0,2849.0,,,,,,61.0,,,,,,,,,,,,,,,,,,,1979.0,2849.0,,,,,,,,,,,,,,,,,,,
1980,Itingen,,,,,,,112.0,1037.0,,,1980.0,2849.0,,,,,,61.0,,,,,,,,,,,,,,,,,,,1980.0,2849.0,,,,,,,,,,,,,,,,,,,
1981,Itingen,,,,,,,105.0,1025.0,,,1981.0,2849.0,,,,,,56.0,,,,,,,,,,,,,,,,,,,1981.0,2849.0,,,,,,,,,,,,,,,,,,,
1982,Itingen,,,,,,,118.0,1052.0,,,1982.0,2849.0,,,,,,52.0,,,,,,,,,,,,,,,,,,,1982.0,2849.0,,,,,,,,,,,,,,,,,,,
1983,Itingen,,,,,,,106.0,1082.0,,,1983.0,2849.0,,,,,,50.0,,,,,,,,,,,,,,,,,,,1983.0,2849.0,,,,,,,,,,,,,,,,,,,
1984,Itingen,,,,,,,117.0,1101.0,,,1984.0,2849.0,,,,,,50.0,,,,,,,,,,,,,,,,,,,1984.0,2849.0,,,,,,,,,,,,,,,,,,,
1985,Itingen,,,,,,,137.0,1175.0,,,1985.0,2849.0,,,,,,48.0,,,,,,,,,,,,,,,,,,,1985.0,2849.0,,,,,,,,,,,,,,,,,,,
1986,Itingen,,,,,,,138.0,1230.0,,,1986.0,2849.0,,,,,,45.0,,,,,,,,,,,,,,,,,,,1986.0,2849.0,,,,,,,,,,,,,,,,,,,
1987,Itingen,,,,,,,133.0,1262.0,,,1987.0,2849.0,,,,,,45.0,,,,,,,,,,,,,,,,,,,1987.0,2849.0,,,,,,,,,,,,,,,,,,,
1988,Itingen,,,,,,,144.0,1268.0,,,1988.0,2849.0,,,,,,43.0,,,,,,,,,,,,,,,,,,,1988.0,2849.0,,,,,,,,,,,,,,,,,,,
1989,Itingen,,,,,,,150.0,1265.0,,,1989.0,2849.0,,,,,,43.0,,,,,,,,,,,,,,,,,,,1989.0,2849.0,,,,,,,,,,,,,,,,,,,
1990,Itingen,,,,,,,144.0,1282.0,,,1990.0,2849.0,,,,,,43.0,,,,,,,,,,,,,,,,,,,1990.0,2849.0,,,,,,,,,,,,,,,,,,,
1991,Itingen,,,,,,,140.0,1297.0,,,1991.0,2849.0,,,,,,43.0,,,,,,,,,,,,,,,,,,,1991.0,2849.0,,,,,,,,,,,,,,,,,,,
1992,Itingen,,,,,,,140.0,1291.0,,,1992.0,2849.0,,,,,,48.0,,,,,,,,,,,,,,,,,,,1992.0,2849.0,,,,,,,,,,,,,,,,,,,
1993,Itingen,,,,,,,147.0,1291.0,,,1993.0,2849.0,,,,,,53.0,,,,,,,,,,,,,,,,,,,1993.0,2849.0,,,,,,,,,,,,,,,,,,,
1994,Itingen,,,,,,,168.0,1307.0,,,1994.0,2849.0,1994.0,2849.0,34.0,,,53.0,,,,,,,,,,,,,,,,,,,1994.0,2849.0,,,,,,,,,,,,,,,,,,,
1995,Itingen,,,,,,,198.0,1333.0,,,1995.0,2849.0,1995.0,2849.0,25.0,,,53.0,,,,,,,,,,,,,,,,,,,1995.0,2849.0,,,,,,,,,,,,,,,,,,,
1996,Itingen,,,,,,,202.0,1385.0,,,1996.0,2849.0,1996.0,2849.0,4.0,,,59.0,,,,,,,,,,,,,,,,,,,1996.0,2849.0,,,,,,,,,,,,,,,,,,,
1997,Itingen,,,,,,,201.0,1366.0,,,1997.0,2849.0,1997.0,2849.0,4.0,,,61.0,,,,,,,,,,,,,,,,,,,1997.0,2849.0,,,,,,,,,,,,,,,,,,,
1998,Itingen,,,,,,,215.0,1386.0,,,1998.0,2849.0,1998.0,2849.0,21.0,,,61.0,,,,,,,,,,,,,,,,,,,1998.0,2849.0,,,,,,,,,,,,,,,,,,,
1999,Itingen,,,,,,,242.0,1390.0,,,1999.0,2849.0,1999.0,2849.0,16.0,,,61.0,,,,,,,,,,,,,,,,,,,1999.0,2849.0,,,,,,,,,,,,,,,,,,,
2000,Itingen,,,,,,,263.0,1394.0,,,2000.0,2849.0,2000.0,2849.0,12.0,,,61.0,4.2,5.0,,,,,,,,,,,,,,,,,2000.0,2849.0,,,,,,,,,,,,,,,,,,,
2001,Itingen,,,,,,,262.0,1388.0,,,2001.0,2849.0,2001.0,2849.0,5.0,,,61.0,4.2,5.0,,,,,,,,,,,,,,,,,2001.0,2849.0,,,,,,,,,,,,,,,,,,,
2002,Itingen,,,,,,,273.0,1388.0,,,2002.0,2849.0,2002.0,2849.0,3.0,,,61.0,4.2,5.0,,,,,,,,,,,,,,,,,2002.0,2849.0,,,,,,,,,,,,,,,,,,,
2003,Itingen,,,,,,,280.0,1399.0,,,2003.0,2849.0,2003.0,2849.0,32.0,,,61.0,4.2,5.0,,,8012.0,10.0,11396.0,5216.0,6696.0,11.0,12.0,-1.0,176.0,132.0,44.0,-2.0,41.0,6737.0,2003.0,2849.0,,,,,,,,,,,,,,,,,,,
2004,Itingen,,,,,,,284.0,1437.0,,,2004.0,2849.0,2004.0,2849.0,15.0,,,61.0,4.2,5.0,,,8016.0,10.0,11396.0,5216.0,6876.0,16.0,10.0,6.0,176.0,170.0,6.0,0.0,12.0,6888.0,2004.0,2849.0,,,,,,,,,,,,,,,,,,,
2005,Itingen,,,,,,,284.0,1457.0,,,2005.0,2849.0,2005.0,2849.0,30.0,,,61.0,4.2,5.0,,,8020.0,10.0,11396.0,5216.0,6921.0,9.0,16.0,-7.0,221.0,128.0,93.0,0.0,86.0,7007.0,2005.0,2849.0,8020.0,10.0,11396.0,17.0,8020.0,10.0,11396.0,22.0,,,,,,,,,,,
2006,Itingen,,,,,,,302.0,1507.0,,,2006.0,2849.0,2006.0,2849.0,3.0,,,61.0,4.2,5.0,,,8024.0,10.0,11396.0,5216.0,7231.0,10.0,11.0,-1.0,150.0,139.0,11.0,0.0,10.0,7241.0,2006.0,2849.0,8024.0,10.0,11396.0,19.0,8024.0,10.0,11396.0,24.0,,,,,,,,,,,
2007,Itingen,,,,,,,297.0,1512.0,,,2007.0,2849.0,2007.0,2849.0,3.0,,,61.0,4.2,5.0,,,8028.0,10.0,11396.0,5216.0,7241.0,17.0,14.0,3.0,156.0,162.0,-6.0,-1.0,-4.0,7237.0,2007.0,2849.0,8028.0,10.0,11396.0,17.0,8028.0,10.0,11396.0,14.0,,,,,,,,,,,
2008,Itingen,,,,,,,301.0,1523.0,,,2008.0,2849.0,2008.0,2849.0,2.0,,,61.0,4.2,3.5,,,8032.0,10.0,11396.0,5216.0,7280.0,14.0,14.0,0.0,201.0,171.0,30.0,0.0,30.0,7310.0,2008.0,2849.0,8032.0,10.0,11396.0,29.0,8032.0,10.0,11396.0,21.0,,,,,,,,,,,
2009,Itingen,,,,,,,317.0,1541.0,,,2009.0,2849.0,2009.0,2849.0,10.0,,,61.0,4.2,3.5,,,8036.0,10.0,11396.0,5216.0,7420.0,15.0,14.0,1.0,154.0,132.0,22.0,0.0,23.0,7443.0,2009.0,2849.0,8036.0,10.0,11396.0,15.0,6027.0,6.0,8547.0,11.0,,,,,,,,,,,
2010,Itingen,,,,,,,344.0,1559.0,,,2010.0,2849.0,2010.0,2849.0,32.0,,,61.0,4.2,3.5,,,8040.0,10.0,11396.0,5216.0,7558.0,19.0,12.0,7.0,243.0,147.0,96.0,0.0,103.0,7661.0,2010.0,2849.0,8040.0,10.0,11396.0,16.0,8040.0,10.0,11396.0,21.0,1051.9704273007128,1267.191043090892,1541.5563574675448,2555.1939647091945,1552.719592121313,31.5847524119,0.0,501.5183316431,301.5254435743,21.497744242,862.4391690666
2011,Itingen,,,,,,,371.0,1616.0,,,2011.0,2849.0,2011.0,2849.0,5.0,,,61.0,4.2,2.75,,,8044.0,10.0,11396.0,5216.0,7938.0,20.0,14.0,6.0,167.0,152.0,15.0,0.0,21.0,7959.0,2011.0,2849.0,8044.0,10.0,11396.0,24.0,8044.0,10.0,11396.0,28.0,1051.9704273007128,1267.191043090892,1541.5563574675448,2555.1939647091945,1552.719592121313,31.5847524119,0.0,501.5183316431,301.5254435743,21.497744242,862.4391690666
2012,Itingen,185.0,334.0,123.0,133.0,38.0,10.0,365.0,1630.0,,,2012.0,2849.0,2012.0,2849.0,13.0,,,61.0,4.2,2.75,,,8048.0,10.0,11396.0,5216.0,7963.0,19.0,7.0,12.0,188.0,168.0,20.0,0.0,32.0,7995.0,2012.0,2849.0,8048.0,10.0,11396.0,20.0,8048.0,10.0,11396.0,18.0,1051.9704273007128,1267.191043090892,1541.5563574675448,2555.1939647091945,1552.719592121313,31.5847524119,0.0,501.5183316431,301.5254435743,21.497744242,862.4391690666
2013,Itingen,192.0,343.0,121.0,131.0,39.0,11.0,391.0,1647.0,( )8,( )4,2013.0,2849.0,2013.0,2849.0,10.0,,,63.0,4.2,2.75,1184.0,74430306.0,8052.0,10.0,11396.0,5216.0,8136.0,16.0,16.0,0.0,172.0,139.0,33.0,0.0,33.0,8169.0,2013.0,2849.0,8052.0,10.0,11396.0,30.0,8052.0,10.0,11396.0,28.0,1051.9704273007128,1267.191043090892,1541.5563574675448,2555.1939647091945,1552.719592121313,31.5847524119,0.0,501.5183316431,301.5254435743,21.497744242,862.4391690666
2014,Itingen,200.0,332.0,133.0,136.0,39.0,7.0,404.0,1660.0,( )11,( )7,2014.0,2849.0,2014.0,2849.0,4.0,,,63.0,4.2,2.75,1188.0,74031684.0,8056.0,10.0,11396.0,5216.0,8243.0,24.0,9.0,15.0,150.0,143.0,7.0,0.0,22.0,8265.0,2014.0,2849.0,8056.0,10.0,11396.0,22.0,8056.0,10.0,11396.0,21.0,1051.9704273007128,1267.191043090892,1541.5563574675448,2555.1939647091945,1552.719592121313,31.5847524119,0.0,501.5183316431,301.5254435743,21.497744242,862.4391690666
2015,Itingen,198.0,330.0,143.0,128.0,37.0,9.0,402.0,1665.0,010,06,2015.0,2849.0,2015.0,2849.0,6.0,,,63.0,4.2,2.75,1168.0,73285644.0,8060.0,10.0,11396.0,5216.0,8275.0,16.0,16.0,0.0,140.0,156.0,-16.0,0.0,-16.0,8259.0,2015.0,2849.0,8060.0,10.0,11396.0,14.0,8060.0,10.0,11396.0,12.0,926.0543826262624,1213.156885322415,1622.1017378364234,1924.249972865453,1386.8300826442392,35.6576881204,,498.1526279222,313.3893041954,26.219159571,873.418779809
2016,Itingen,196.0,344.0,132.0,139.0,39.0,8.0,419.0,1670.0,07,( )8,2016.0,2849.0,2016.0,2849.0,2.0,,,63.0,4.2,2.75,1185.0,76399491.0,8064.0,10.0,11396.0,5216.0,8331.0,23.0,11.0,12.0,160.0,128.0,32.0,0.0,44.0,8375.0,2016.0,2849.0,8064.0,10.0,11396.0,16.0,8064.0,10.0,11396.0,22.0,926.0543826262624,1213.156885322415,1622.1017378364234,1924.249972865453,1386.8300826442392,35.6576881204,,498.1526279222,313.3893041954,26.219159571,873.418779809
2017,Itingen,206.0,336.0,124.0,143.0,39.0,8.0,437.0,1666.0,0( ),07,2017.0,2849.0,2017.0,2849.0,0.0,,,63.0,4.2,2.75,1175.0,76853016.0,8068.0,10.0,11396.0,5216.0,8414.0,23.0,11.0,12.0,131.0,153.0,-22.0,0.0,-10.0,8404.0,2017.0,2849.0,8068.0,10.0,11396.0,23.0,8068.0,10.0,11396.0,25.0,926.0543826262624,1213.156885322415,1622.1017378364234,1924.249972865453,1386.8300826442392,35.6576881204,,498.1526279222,313.3893041954,26.219159571,873.418779809
2018,Itingen,195.0,343.0,130.0,147.0,39.0,13.0,443.0,1674.0,( )( ),( )4,2018.0,2849.0,2018.0,2849.0,20.0,,,63.0,4.2,2.75,1232.0,77294202.0,8072.0,10.0,11396.0,5216.0,8435.0,25.0,10.0,15.0,197.0,149.0,48.0,0.0,63.0,8498.0,2018.0,2849.0,8072.0,10.0,11396.0,27.0,8072.0,10.0,11396.0,21.0,926.0543826262624,1213.156885322415,1622.1017378364234,1924.249972865453,1386.8300826442392,35.6576881204,,498.1526279222,313.3893041954,26.219159571,873.418779809
2019,Itingen,220.0,346.0,128.0,146.0,37.0,11.0,441.0,1728.0,( )7,( )4,2019.0,2849.0,2019.0,2849.0,14.0,,,63.0,4.2,2.75,1223.0,79357141.0,8076.0,10.0,11396.0,5216.0,8676.0,16.0,13.0,3.0,143.0,145.0,-2.0,0.0,1.0,8677.0,2019.0,2849.0,8076.0,10.0,11396.0,13.0,8076.0,10.0,11396.0,18.0,926.0543826262624,1213.156885322415,1622.1017378364234,1924.249972865453,1386.8300826442392,35.6576881204,,498.1526279222,313.3893041954,26.219159571,873.418779809
2020,Itingen,222.0,369.0,116.0,151.0,35.0,12.0,440.0,1737.0,0( ),06,2020.0,2849.0,2020.0,2849.0,11.0,,,63.0,4.2,0.55,1261.0,80438798.0,8080.0,10.0,11396.0,5216.0,8696.0,17.0,11.0,6.0,165.0,142.0,23.0,0.0,29.0,8725.0,2020.0,2849.0,8080.0,10.0,11396.0,23.0,8080.0,10.0,11396.0,21.0,,,,,,,,,,,
2021,Itingen,252.0,390.0,130.0,152.0,40.0,10.0,446.0,1788.0,44,( )4,2021.0,2849.0,2021.0,2849.0,99.0,,,63.0,4.2,0.55,1343.0,85701337.0,8084.0,10.0,11396.0,5216.0,8870.0,15.0,18.0,-3.0,286.0,154.0,132.0,0.0,129.0,8999.0,2021.0,2849.0,8084.0,10.0,11396.0,20.0,8084.0,10.0,11396.0,18.0,,,,,,,,,,,
2022,Itingen,274.0,389.0,121.0,163.0,38.0,7.0,486.0,1865.0,( )11,,2022.0,2849.0,2022.0,2849.0,1.0,,,63.0,4.2,0.55,1368.0,90050201.0,8088.0,10.0,11396.0,5216.0,9387.0,16.0,22.0,-6.0,215.0,180.0,35.0,0.0,29.0,9416.0,2022.0,2849.0,8088.0,10.0,11396.0,21.0,8088.0,10.0,11396.0,25.0,,,,,,,,,,,
2023,Itingen,277.0,406.0,131.0,167.0,39.0,11.0,516.0,1887.0,( )12,,2023.0,2849.0,2023.0,2849.0,55.0,55.0,55.0,63.0,,,,,8092.0,10.0,11396.0,5216.0,9564.0,21.0,14.0,7.0,256.0,170.0,86.0,0.0,93.0,9657.0,2023.0,2849.0,8092.0,10.0,11396.0,14.0,8092.0,10.0,11396.0,15.0,,,,,,,,,,,
2024,Itingen,286.0,405.0,134.0,172.0,42.0,7.0,547.0,1931.0,,,2024.0,2849.0,2024.0,2849.0,3.0,55.0,55.0,63.0,,,,,8096.0,10.0,11396.0,5216.0,9888.0,20.0,15.0,5.0,180.0,143.0,37.0,0.0,42.0,9930.0,2024.0,2849.0,8096.0,10.0,11396.0,17.0,8096.0,10.0,11396.0,15.0,,,,,,,,,,,
2025,Itingen,,,,,,,,,,,,,,,,55.0,55.0,63.0,,,,,6075.0,6.0,8547.0,3912.0,7474.0,20.0,15.0,5.0,115.0,105.0,10.0,0.0,15.0,7489.0,,,4050.0,3.0,5698.0,6.0,4050.0,3.0,5698.0,4.0,,,,,,,,,,,
1975,Liestal,,,,,,,,,,,,,,,,,,60.0,,,,,,,,,,,,,,,,,,,,,,,,,,,,,,,,,,,,,,,
1976,Liestal,,,,,,,,,,,,,,,,,,66.78,,,,,,,,,,,,,,,,,,,,,,,,,,,,,,,,,,,,,,,
1977,Liestal,,,,,,,,,,,,,,,,,,68.9,,,,,,,,,,,,,,,,,,,,,,,,,,,,,,,,,,,,,,,
1978,Liestal,,,,,,,,,,,,,,,,,,68.9,,,,,,,,,,,,,,,,,,,,,,,,,,,,,,,,,,,,,,,
1979,Liestal,,,,,,,,,,,1979.0,2829.0,,,,,,68.9,,,,,,,,,,,,,,,,,,,1979.0,2829.0,,,,,,,,,,,,,,,,,,,
1980,Liestal,,,,,,,2447.0,9293.0,,,1980.0,2829.0,,,,,,68.9,,,,,,,,,,,,,,,,,,,1980.0,2829.0,,,,,,,,,,,,,,,,,,,
1981,Liestal,,,,,,,2577.0,9243.0,,,1981.0,2829.0,,,,,,68.9,,,,,,,,,,,,,,,,,,,1981.0,2829.0,,,,,,,,,,,,,,,,,,,
1982,Liestal,,,,,,,2565.0,9129.0,,,1982.0,2829.0,,,,,,68.9,,,,,,,,,,,,,,,,,,,1982.0,2829.0,,,,,,,,,,,,,,,,,,,
1983,Liestal,,,,,,,2525.0,9161.0,,,1983.0,2829.0,,,,,,68.9,,,,,,,,,,,,,,,,,,,1983.0,2829.0,,,,,,,,,,,,,,,,,,,
1984,Liestal,,,,,,,2495.0,9182.0,,,1984.0,2829.0,,,,,,66.94,,,,,,,,,,,,,,,,,,,1984.0,2829.0,,,,,,,,,,,,,,,,,,,
1985,Liestal,,,,,,,2510.0,9238.0,,,1985.0,2829.0,,,,,,64.965,,,,,,,,,,,,,,,,,,,1985.0,2829.0,,,,,,,,,,,,,,,,,,,
1986,Liestal,,,,,,,2602.0,9270.0,,,1986.0,2829.0,,,,,,60.99,,,,,,,,,,,,,,,,,,,1986.0,2829.0,,,,,,,,,,,,,,,,,,,
1987,Liestal,,,,,,,2745.0,9300.0,,,1987.0,2829.0,,,,,,60.99,,,,,,,,,,,,,,,,,,,1987.0,2829.0,,,,,,,,,,,,,,,,,,,
1988,Liestal,,,,,,,2800.0,9336.0,,,1988.0,2829.0,,,,,,60.99,,,,,,,,,,,,,,,,,,,1988.0,2829.0,,,,,,,,,,,,,,,,,,,
1989,Liestal,,,,,,,2877.0,9402.0,,,1989.0,2829.0,,,,,,60.99,,,,,,,,,,,,,,,,,,,1989.0,2829.0,,,,,,,,,,,,,,,,,,,
1990,Liestal,,,,,,,2945.0,9431.0,,,1990.0,2829.0,,,,,,60.99,,,,,,,,,,,,,,,,,,,1990.0,2829.0,,,,,,,,,,,,,,,,,,,
1991,Liestal,,,,,,,3061.0,9429.0,,,1991.0,2829.0,,,,,,60.99,,,,,,,,,,,,,,,,,,,1991.0,2829.0,,,,,,,,,,,,,,,,,,,
1992,Liestal,,,,,,,3172.0,9372.0,,,1992.0,2829.0,,,,,,60.99,,,,,,,,,,,,,,,,,,,1992.0,2829.0,,,,,,,,,,,,,,,,,,,
1993,Liestal,,,,,,,3132.0,9361.0,,,1993.0,2829.0,,,,,,60.99,,,,,,,,,,,,,,,,,,,1993.0,2829.0,,,,,,,,,,,,,,,,,,,
1994,Liestal,,,,,,,3179.0,9365.0,,,1994.0,2829.0,1994.0,2829.0,47.0,,,62.7,,,,,,,,,,,,,,,,,,,1994.0,2829.0,,,,,,,,,,,,,,,,,,,
1995,Liestal,,,,,,,3238.0,9418.0,,,1995.0,2829.0,1995.0,2829.0,69.0,,,62.7,,,,,,,,,,,,,,,,,,,1995.0,2829.0,,,,,,,,,,,,,,,,,,,
1996,Liestal,,,,,,,3172.0,9396.0,,,1996.0,2829.0,1996.0,2829.0,69.0,,,62.7,,,,,,,,,,,,,,,,,,,1996.0,2829.0,,,,,,,,,,,,,,,,,,,
1997,Liestal,,,,,,,3138.0,9433.0,,,1997.0,2829.0,1997.0,2829.0,88.0,,,63.84,,,,,,,,,,,,,,,,,,,1997.0,2829.0,,,,,,,,,,,,,,,,,,,
1998,Liestal,,,,,,,3086.0,9370.0,,,1998.0,2829.0,1998.0,2829.0,63.0,,,65.55,,,,,,,,,,,,,,,,,,,1998.0,2829.0,,,,,,,,,,,,,,,,,,,
1999,Liestal,,,,,,,3188.0,9475.0,,,1999.0,2829.0,1999.0,2829.0,83.0,,,65.55,,,,,,,,,,,,,,,,,,,1999.0,2829.0,,,,,,,,,,,,,,,,,,,
2000,Liestal,,,,,,,3286.0,9589.0,,,2000.0,2829.0,2000.0,2829.0,64.0,,,65.55,4.2,5.0,,,,,,,,,,,,,,,,,2000.0,2829.0,,,,,,,,,,,,,,,,,,,
2001,Liestal,,,,,,,3323.0,9568.0,,,2001.0,2829.0,2001.0,2829.0,63.0,,,67.26,4.2,5.0,,,,,,,,,,,,,,,,,2001.0,2829.0,,,,,,,,,,,,,,,,,,,
2002,Liestal,,,,,,,3319.0,9507.0,,,2002.0,2829.0,2002.0,2829.0,26.0,,,67.0,5.0,5.5,,,,,,,,,,,,,,,,,2002.0,2829.0,,,,,,,,,,,,,,,,,,,
2003,Liestal,,,,,,,3316.0,9553.0,,,2003.0,2829.0,2003.0,2829.0,138.0,,,67.0,5.0,5.5,,,8012.0,10.0,11316.0,5212.0,51421.0,141.0,106.0,35.0,1199.0,1084.0,115.0,-43.0,107.0,51528.0,2003.0,2829.0,,,,,,,,,,,,,,,,,,,
2004,Liestal,,,,,,,3323.0,9635.0,,,2004.0,2829.0,2004.0,2829.0,85.0,,,67.0,5.0,5.5,,,8016.0,10.0,11316.0,5212.0,51775.0,126.0,98.0,28.0,1067.0,977.0,90.0,-6.0,112.0,51887.0,2004.0,2829.0,,,,,,,,,,,,,,,,,,,
2005,Liestal,,,,,,,3327.0,9822.0,,,2005.0,2829.0,2005.0,2829.0,75.0,,,67.0,5.0,5.5,,,8020.0,10.0,11316.0,5212.0,52507.0,162.0,108.0,54.0,1115.0,992.0,123.0,0.0,177.0,52684.0,2005.0,2829.0,8020.0,10.0,11316.0,85.0,8020.0,10.0,11316.0,99.0,,,,,,,,,,,
2006,Liestal,,,,,,,3320.0,9927.0,,,2006.0,2829.0,2006.0,2829.0,83.0,,,67.0,5.0,5.5,,,8024.0,10.0,11316.0,5212.0,52947.0,126.0,110.0,16.0,1153.0,1094.0,59.0,0.0,75.0,53022.0,2006.0,2829.0,8024.0,10.0,11316.0,107.0,8024.0,10.0,11316.0,106.0,,,,,,,,,,,
2007,Liestal,,,,,,,3314.0,10048.0,,,2007.0,2829.0,2007.0,2829.0,69.0,,,67.0,5.0,5.5,,,8028.0,10.0,11316.0,5212.0,53380.0,134.0,115.0,19.0,1171.0,1056.0,115.0,0.0,134.0,53514.0,2007.0,2829.0,8028.0,10.0,11316.0,105.0,8028.0,10.0,11316.0,112.0,,,,,,,,,,,
2008,Liestal,,,,,,,3335.0,10101.0,,,2008.0,2829.0,2008.0,2829.0,31.0,,,67.0,5.0,3.5,,,8032.0,10.0,11316.0,5212.0,53723.0,148.0,118.0,30.0,1176.0,1169.0,7.0,-1.0,36.0,53759.0,2008.0,2829.0,8032.0,10.0,11316.0,93.0,8032.0,10.0,11316.0,92.0,,,,,,,,,,,
2009,Liestal,,,,,,,3419.0,10126.0,,,2009.0,2829.0,2009.0,2829.0,42.0,,,67.0,5.0,3.5,,,8036.0,10.0,11316.0,5212.0,54133.0,139.0,102.0,37.0,1245.0,1189.0,56.0,0.0,93.0,54226.0,2009.0,2829.0,8036.0,10.0,11316.0,110.0,8036.0,10.0,11316.0,107.0,,,,,,,,,,,
2010,Liestal,,,,,,,3480.0,10162.0,,,2010.0,2829.0,2010.0,2829.0,33.0,,,66.0,5.0,3.5,,,8040.0,10.0,11316.0,5212.0,54509.0,150.0,96.0,54.0,1117.0,1056.0,61.0,0.0,115.0,54624.0,2010.0,2829.0,8040.0,10.0,11316.0,109.0,8040.0,10.0,11316.0,97.0,1014.5773047916024,1277.02309808235,1506.4106751080935,1991.0065492559377,1344.425142041142,194.8598209036,99.3975706127,1475.8089733125,3345.6482790879,616.0010984834,5731.7157424001
2011,Liestal,,,,,,,3527.0,10193.0,,,2011.0,2829.0,2011.0,2829.0,79.0,,,66.0,5.0,2.75,,,8044.0,10.0,11316.0,5212.0,54873.0,139.0,97.0,42.0,1085.0,1121.0,-36.0,0.0,6.0,54879.0,2011.0,2829.0,8044.0,10.0,11316.0,99.0,8044.0,10.0,11316.0,106.0,1014.5773047916024,1277.02309808235,1506.4106751080935,1991.0065492559377,1344.425142041142,194.8598209036,99.3975706127,1475.8089733125,3345.6482790879,616.0010984834,5731.7157424001
2012,Liestal,2082.0,2051.0,739.0,742.0,279.0,102.0,3531.0,10208.0,,,2012.0,2829.0,2012.0,2829.0,69.0,,,66.0,5.0,2.75,,,8048.0,10.0,11316.0,5212.0,54904.0,143.0,106.0,37.0,1200.0,1138.0,62.0,0.0,99.0,55003.0,2012.0,2829.0,8048.0,10.0,11316.0,97.0,8048.0,10.0,11316.0,101.0,1014.5773047916024,1277.02309808235,1506.4106751080935,1991.0065492559377,1344.425142041142,194.8598209036,99.3975706127,1475.8089733125,3345.6482790879,616.0010984834,5731.7157424001
2013,Liestal,2111.0,2105.0,775.0,724.0,278.0,90.0,3593.0,10241.0,551,448,2013.0,2829.0,2013.0,2829.0,27.0,,,66.0,5.0,2.75,8555.0,507989802.0,8052.0,10.0,11316.0,5212.0,55287.0,134.0,112.0,22.0,1180.0,1101.0,79.0,0.0,101.0,55388.0,2013.0,2829.0,8052.0,10.0,11316.0,100.0,8052.0,10.0,11316.0,92.0,1014.5773047916024,1277.02309808235,1506.4106751080935,1991.0065492559377,1344.425142041142,194.8598209036,99.3975706127,1475.8089733125,3345.6482790879,616.0010984834,5731.7157424001
2014,Liestal,2133.0,2164.0,776.0,726.0,280.0,86.0,3766.0,10222.0,1778,947,2014.0,2829.0,2014.0,2829.0,54.0,,,65.0,5.0,2.75,8586.0,520190759.0,8056.0,10.0,11316.0,5212.0,55881.0,159.0,103.0,56.0,1154.0,1066.0,88.0,0.0,144.0,56025.0,2014.0,2829.0,8056.0,10.0,11316.0,92.0,8056.0,10.0,11316.0,99.0,1014.5773047916024,1277.02309808235,1506.4106751080935,1991.0065492559377,1344.425142041142,194.8598209036,99.3975706127,1475.8089733125,3345.6482790879,616.0010984834,5731.7157424001
2015,Liestal,2129.0,2192.0,771.0,752.0,283.0,84.0,3792.0,10266.0,869,1155,2015.0,2829.0,2015.0,2829.0,121.0,,,65.0,5.0,2.75,8669.0,522039808.0,8060.0,10.0,11316.0,5212.0,56172.0,157.0,110.0,47.0,1096.0,1025.0,71.0,0.0,118.0,56290.0,2015.0,2829.0,8060.0,10.0,11316.0,93.0,8060.0,10.0,11316.0,91.0,1037.70686023436,1246.2101893431793,1521.2477399550392,2060.585837611826,1321.588942859754,103.8287707273,121.1091084753,1568.6661103701,3768.5614023362,851.4787253192,6413.6441172281
2016,Liestal,2176.0,2193.0,776.0,752.0,278.0,90.0,3848.0,10324.0,1361,835,2016.0,2829.0,2016.0,2829.0,65.0,,,65.0,5.0,2.75,8670.0,544388031.0,8064.0,10.0,11316.0,5212.0,56664.0,141.0,130.0,11.0,1077.0,1047.0,30.0,0.0,41.0,56705.0,2016.0,2829.0,8064.0,10.0,11316.0,82.0,8064.0,10.0,11316.0,79.0,1037.70686023436,1246.2101893431793,1521.2477399550392,2060.585837611826,1321.588942859754,103.8287707273,121.1091084753,1568.6661103701,3768.5614023362,851.4787253192,6413.6441172281
2017,Liestal,2280.0,2166.0,789.0,760.0,274.0,91.0,3880.0,10389.0,958,1168,2017.0,2829.0,2017.0,2829.0,259.0,,,65.0,5.0,2.75,8749.0,560044677.0,8068.0,10.0,11316.0,5212.0,57026.0,163.0,115.0,48.0,1213.0,1159.0,54.0,0.0,102.0,57128.0,2017.0,2829.0,8068.0,10.0,11316.0,92.0,8068.0,10.0,11316.0,101.0,1037.70686023436,1246.2101893431793,1521.2477399550392,2060.585837611826,1321.588942859754,103.8287707273,121.1091084753,1568.6661103701,3768.5614023362,851.4787253192,6413.6441172281
2018,Liestal,2267.0,2220.0,775.0,758.0,286.0,92.0,3877.0,10447.0,1169,757,2018.0,2829.0,2018.0,2829.0,107.0,,,65.0,5.0,2.75,8903.0,543631957.0,8072.0,10.0,11316.0,5212.0,57227.0,165.0,122.0,43.0,1190.0,1096.0,94.0,0.0,137.0,57364.0,2018.0,2829.0,8072.0,10.0,11316.0,64.0,8072.0,10.0,11316.0,60.0,1037.70686023436,1246.2101893431793,1521.2477399550392,2060.585837611826,1321.588942859754,103.8287707273,121.1091084753,1568.6661103701,3768.5614023362,851.4787253192,6413.6441172281
2019,Liestal,2321.0,2251.0,779.0,744.0,281.0,90.0,3980.0,10441.0,849,959,2019.0,2829.0,2019.0,2829.0,116.0,,,65.0,5.0,2.75,9011.0,554017737.0,8076.0,10.0,11316.0,5212.0,57685.0,117.0,125.0,-8.0,1194.0,1190.0,4.0,0.0,-4.0,57681.0,2019.0,2829.0,8076.0,10.0,11316.0,74.0,8076.0,10.0,11316.0,89.0,1037.70686023436,1246.2101893431793,1521.2477399550392,2060.585837611826,1321.588942859754,103.8287707273,121.1091084753,1568.6661103701,3768.5614023362,851.4787253192,6413.6441172281
2020,Liestal,2445.0,2361.0,771.0,770.0,272.0,92.0,4061.0,10532.0,464,1362,2020.0,2829.0,2020.0,2829.0,318.0,,,65.0,5.0,0.55,9318.0,563618600.0,8080.0,10.0,11316.0,5212.0,58175.0,138.0,148.0,-10.0,1430.0,1031.0,399.0,-1.0,388.0,58563.0,2020.0,2829.0,8080.0,10.0,11316.0,84.0,8080.0,10.0,11316.0,91.0,,,,,,,,,,,
2021,Liestal,2562.0,2416.0,777.0,778.0,277.0,89.0,4202.0,10762.0,1057,757,2021.0,2829.0,2021.0,2829.0,78.0,,,65.0,5.0,0.55,9556.0,585929829.0,8084.0,10.0,11316.0,5212.0,59684.0,137.0,127.0,10.0,1470.0,1139.0,331.0,0.0,341.0,60025.0,2021.0,2829.0,8084.0,10.0,11316.0,106.0,8084.0,10.0,11316.0,97.0,,,,,,,,,,,
2022,Liestal,2645.0,2433.0,806.0,828.0,269.0,87.0,4495.0,10911.0,1381,,2022.0,2829.0,2022.0,2829.0,143.0,,,65.0,5.0,0.55,9716.0,602393010.0,8088.0,10.0,11316.0,5212.0,61374.0,150.0,146.0,4.0,1638.0,1141.0,497.0,0.0,501.0,61875.0,2022.0,2829.0,8088.0,10.0,11316.0,95.0,8088.0,10.0,11316.0,89.0,,,,,,,,,,,
2023,Liestal,2737.0,2493.0,878.0,830.0,264.0,87.0,4797.0,11027.0,684,,2023.0,2829.0,2023.0,2829.0,129.0,55.0,55.0,65.0,,,,,8092.0,10.0,11316.0,5212.0,63162.0,154.0,148.0,6.0,1499.0,1241.0,258.0,-2.0,262.0,63424.0,2023.0,2829.0,8092.0,10.0,11316.0,94.0,8092.0,10.0,11316.0,86.0,,,,,,,,,,,
2024,Liestal,2777.0,2504.0,911.0,826.0,262.0,94.0,4959.0,11069.0,,,2024.0,2829.0,2024.0,2829.0,89.0,55.0,55.0,65.0,,,,,8096.0,10.0,11316.0,5212.0,63997.0,162.0,151.0,11.0,1489.0,1276.0,213.0,0.0,224.0,64221.0,2024.0,2829.0,8096.0,10.0,11316.0,55.0,8096.0,10.0,11316.0,74.0,,,,,,,,,,,
2025,Liestal,,,,,,,,,,,,,,,,55.0,55.0,65.0,,,,,6075.0,6.0,8487.0,3909.0,48440.0,121.0,114.0,7.0,988.0,961.0,27.0,0.0,34.0,48474.0,,,4050.0,3.0,5658.0,36.0,4050.0,3.0,5658.0,22.0,,,,,,,,,,,
1975,Muttenz,,,,,,,,,,,,,,,,,,48.37,,,,,,,,,,,,,,,,,,,,,,,,,,,,,,,,,,,,,,,
1976,Muttenz,,,,,,,,,,,,,,,,,,49.05,,,,,,,,,,,,,,,,,,,,,,,,,,,,,,,,,,,,,,,
1977,Muttenz,,,,,,,,,,,,,,,,,,54.5,,,,,,,,,,,,,,,,,,,,,,,,,,,,,,,,,,,,,,,
1978,Muttenz,,,,,,,,,,,,,,,,,,54.5,,,,,,,,,,,,,,,,,,,,,,,,,,,,,,,,,,,,,,,
1979,Muttenz,,,,,,,,,,,1979.0,2770.0,,,,,,54.5,,,,,,,,,,,,,,,,,,,1979.0,2770.0,,,,,,,,,,,,,,,,,,,
1980,Muttenz,,,,,,,2357.0,14735.0,,,1980.0,2770.0,,,,,,49.5,,,,,,,,,,,,,,,,,,,1980.0,2770.0,,,,,,,,,,,,,,,,,,,
1981,Muttenz,,,,,,,2382.0,14600.0,,,1981.0,2770.0,,,,,,49.5,,,,,,,,,,,,,,,,,,,1981.0,2770.0,,,,,,,,,,,,,,,,,,,
1982,Muttenz,,,,,,,2365.0,14745.0,,,1982.0,2770.0,,,,,,49.5,,,,,,,,,,,,,,,,,,,1982.0,2770.0,,,,,,,,,,,,,,,,,,,
1983,Muttenz,,,,,,,2393.0,14822.0,,,1983.0,2770.0,,,,,,49.5,,,,,,,,,,,,,,,,,,,1983.0,2770.0,,,,,,,,,,,,,,,,,,,
1984,Muttenz,,,,,,,2368.0,14845.0,,,1984.0,2770.0,,,,,,49.5,,,,,,,,,,,,,,,,,,,1984.0,2770.0,,,,,,,,,,,,,,,,,,,
1985,Muttenz,,,,,,,2355.0,14868.0,,,1985.0,2770.0,,,,,,49.5,,,,,,,,,,,,,,,,,,,1985.0,2770.0,,,,,,,,,,,,,,,,,,,
1986,Muttenz,,,,,,,2398.0,14912.0,,,1986.0,2770.0,,,,,,49.5,,,,,,,,,,,,,,,,,,,1986.0,2770.0,,,,,,,,,,,,,,,,,,,
1987,Muttenz,,,,,,,2468.0,14847.0,,,1987.0,2770.0,,,,,,49.5,,,,,,,,,,,,,,,,,,,1987.0,2770.0,,,,,,,,,,,,,,,,,,,
1988,Muttenz,,,,,,,2524.0,14682.0,,,1988.0,2770.0,,,,,,47.3,,,,,,,,,,,,,,,,,,,1988.0,2770.0,,,,,,,,,,,,,,,,,,,
1989,Muttenz,,,,,,,2499.0,14575.0,,,1989.0,2770.0,,,,,,47.3,,,,,,,,,,,,,,,,,,,1989.0,2770.0,,,,,,,,,,,,,,,,,,,
1990,Muttenz,,,,,,,2536.0,14546.0,,,1990.0,2770.0,,,,,,47.3,,,,,,,,,,,,,,,,,,,1990.0,2770.0,,,,,,,,,,,,,,,,,,,
1991,Muttenz,,,,,,,2541.0,14449.0,,,1991.0,2770.0,,,,,,47.3,,,,,,,,,,,,,,,,,,,1991.0,2770.0,,,,,,,,,,,,,,,,,,,
1992,Muttenz,,,,,,,2553.0,14381.0,,,1992.0,2770.0,,,,,,52.8,,,,,,,,,,,,,,,,,,,1992.0,2770.0,,,,,,,,,,,,,,,,,,,
1993,Muttenz,,,,,,,2627.0,14473.0,,,1993.0,2770.0,,,,,,52.8,,,,,,,,,,,,,,,,,,,1993.0,2770.0,,,,,,,,,,,,,,,,,,,
1994,Muttenz,,,,,,,2620.0,14475.0,,,1994.0,2770.0,1994.0,2770.0,29.0,,,58.3,,,,,,,,,,,,,,,,,,,1994.0,2770.0,,,,,,,,,,,,,,,,,,,
1995,Muttenz,,,,,,,2631.0,14351.0,,,1995.0,2770.0,1995.0,2770.0,16.0,,,59.36,,,,,,,,,,,,,,,,,,,1995.0,2770.0,,,,,,,,,,,,,,,,,,,
1996,Muttenz,,,,,,,2583.0,14203.0,,,1996.0,2770.0,1996.0,2770.0,36.0,,,59.36,,,,,,,,,,,,,,,,,,,1996.0,2770.0,,,,,,,,,,,,,,,,,,,
1997,Muttenz,,,,,,,2523.0,14132.0,,,1997.0,2770.0,1997.0,2770.0,97.0,,,59.36,,,,,,,,,,,,,,,,,,,1997.0,2770.0,,,,,,,,,,,,,,,,,,,
1998,Muttenz,,,,,,,2581.0,14126.0,,,1998.0,2770.0,1998.0,2770.0,92.0,,,59.36,,,,,,,,,,,,,,,,,,,1998.0,2770.0,,,,,,,,,,,,,,,,,,,
1999,Muttenz,,,,,,,2628.0,14111.0,,,1999.0,2770.0,1999.0,2770.0,66.0,,,59.36,,,,,,,,,,,,,,,,,,,1999.0,2770.0,,,,,,,,,,,,,,,,,,,
2000,Muttenz,,,,,,,2625.0,14049.0,,,2000.0,2770.0,2000.0,2770.0,50.0,,,59.36,4.5,5.0,,,,,,,,,,,,,,,,,2000.0,2770.0,,,,,,,,,,,,,,,,,,,
2001,Muttenz,,,,,,,2724.0,14006.0,,,2001.0,2770.0,2001.0,2770.0,62.0,,,56.0,4.5,5.0,,,,,,,,,,,,,,,,,2001.0,2770.0,,,,,,,,,,,,,,,,,,,
2002,Muttenz,,,,,,,2913.0,13940.0,,,2002.0,2770.0,2002.0,2770.0,32.0,,,56.0,5.0,5.5,,,,,,,,,,,,,,,,,2002.0,2770.0,,,,,,,,,,,,,,,,,,,
2003,Muttenz,,,,,,,3019.0,13952.0,,,2003.0,2770.0,2003.0,2770.0,75.0,,,56.0,5.0,5.5,,,8012.0,10.0,11080.0,5204.0,67808.0,116.0,146.0,-30.0,1029.0,850.0,179.0,2.0,151.0,67959.0,2003.0,2770.0,,,,,,,,,,,,,,,,,,,
2004,Muttenz,,,,,,,3008.0,14000.0,,,2004.0,2770.0,2004.0,2770.0,17.0,,,56.0,5.0,5.5,,,8016.0,10.0,11080.0,5204.0,68063.0,129.0,157.0,-28.0,957.0,984.0,-27.0,-2.0,-57.0,68006.0,2004.0,2770.0,,,,,,,,,,,,,,,,,,,
2005,Muttenz,,,,,,,3002.0,13948.0,,,2005.0,2770.0,2005.0,2770.0,83.0,,,56.0,5.0,5.5,,,8020.0,10.0,11080.0,5204.0,67806.0,128.0,168.0,-40.0,1006.0,978.0,28.0,0.0,-12.0,67794.0,2005.0,2770.0,8020.0,10.0,11080.0,126.0,8020.0,10.0,11080.0,133.0,,,,,,,,,,,
2006,Muttenz,,,,,,,3017.0,13961.0,,,2006.0,2770.0,2006.0,2770.0,122.0,,,56.0,5.0,5.5,,,8024.0,10.0,11080.0,5204.0,67864.0,110.0,144.0,-34.0,1123.0,993.0,130.0,-1.0,95.0,67959.0,2006.0,2770.0,8024.0,10.0,11080.0,112.0,8024.0,10.0,11080.0,118.0,,,,,,,,,,,
2007,Muttenz,,,,,,,2993.0,14063.0,,,2007.0,2770.0,2007.0,2770.0,31.0,,,56.0,5.0,5.5,,,8028.0,10.0,11080.0,5204.0,68189.0,125.0,159.0,-34.0,1120.0,1015.0,105.0,0.0,71.0,68260.0,2007.0,2770.0,8028.0,10.0,11080.0,119.0,8028.0,10.0,11080.0,128.0,,,,,,,,,,,
2008,Muttenz,,,,,,,3019.0,14140.0,,,2008.0,2770.0,2008.0,2770.0,59.0,,,56.0,5.0,3.5,,,8032.0,10.0,11080.0,5204.0,68578.0,127.0,171.0,-44.0,1152.0,1000.0,152.0,0.0,108.0,68686.0,2008.0,2770.0,8032.0,10.0,11080.0,122.0,8032.0,10.0,11080.0,116.0,,,,,,,,,,,
2009,Muttenz,,,,,,,3117.0,14172.0,,,2009.0,2770.0,2009.0,2770.0,63.0,,,56.0,5.0,3.5,,,8036.0,10.0,11080.0,5204.0,69108.0,154.0,170.0,-16.0,1166.0,1061.0,105.0,-1.0,88.0,69196.0,2009.0,2770.0,8036.0,10.0,11080.0,128.0,8036.0,10.0,11080.0,113.0,,,,,,,,,,,
2010,Muttenz,,,,,,,3182.0,14146.0,,,2010.0,2770.0,2010.0,2770.0,48.0,,,56.0,5.0,3.5,,,8040.0,10.0,11080.0,5204.0,69311.0,159.0,168.0,-9.0,999.0,987.0,12.0,0.0,3.0,69314.0,2010.0,2770.0,8040.0,10.0,11080.0,145.0,8040.0,10.0,11080.0,131.0,901.317222943277,1295.0988583789365,1584.4670480432133,1883.4494940844113,1383.2589345619529,212.4173388688,589.9175888183,2447.7420974508,4401.3488933256,666.4301455084,8317.8560639719
2011,Muttenz,,,,,,,3213.0,14138.0,,,2011.0,2770.0,2011.0,2770.0,103.0,,,56.0,5.0,2.75,,,8044.0,10.0,11080.0,5204.0,69373.0,131.0,174.0,-43.0,1130.0,1026.0,104.0,-2.0,59.0,69432.0,2011.0,2770.0,8044.0,10.0,11080.0,123.0,8044.0,10.0,11080.0,133.0,901.317222943277,1295.0988583789365,1584.4670480432133,1883.4494940844113,1383.2589345619529,212.4173388688,589.9175888183,2447.7420974508,4401.3488933256,666.4301455084,8317.8560639719
2012,Muttenz,2671.0,2817.0,966.0,995.0,289.0,82.0,3276.0,14133.0,,,2012.0,2770.0,2012.0,2770.0,16.0,,,56.0,5.0,2.75,,,8048.0,10.0,11080.0,5204.0,69622.0,145.0,181.0,-36.0,1081.0,1022.0,59.0,0.0,23.0,69645.0,2012.0,2770.0,8048.0,10.0,11080.0,122.0,8048.0,10.0,11080.0,124.0,901.317222943277,1295.0988583789365,1584.4670480432133,1883.4494940844113,1383.2589345619529,212.4173388688,589.9175888183,2447.7420974508,4401.3488933256,666.4301455084,8317.8560639719
2013,Muttenz,2679.0,2793.0,1006.0,982.0,295.0,74.0,3344.0,14050.0,555,655,2013.0,2770.0,2013.0,2770.0,23.0,,,56.0,5.0,2.75,10821.0,710086343.0,8052.0,10.0,11080.0,5204.0,69560.0,130.0,168.0,-38.0,1082.0,1010.0,72.0,-1.0,33.0,69593.0,2013.0,2770.0,8052.0,10.0,11080.0,102.0,8052.0,10.0,11080.0,97.0,901.317222943277,1295.0988583789365,1584.4670480432133,1883.4494940844113,1383.2589345619529,212.4173388688,589.9175888183,2447.7420974508,4401.3488933256,666.4301455084,8317.8560639719
2014,Muttenz,2678.0,2827.0,991.0,999.0,297.0,78.0,3411.0,14120.0,772,1560,2014.0,2770.0,2014.0,2770.0,38.0,,,56.0,5.0,2.75,10916.0,727948773.0,8056.0,10.0,11080.0,5204.0,70050.0,156.0,150.0,6.0,1093.0,953.0,140.0,0.0,146.0,70196.0,2014.0,2770.0,8056.0,10.0,11080.0,104.0,8056.0,10.0,11080.0,101.0,901.317222943277,1295.0988583789365,1584.4670480432133,1883.4494940844113,1383.2589345619529,212.4173388688,589.9175888183,2447.7420974508,4401.3488933256,666.4301455084,8317.8560639719
2015,Muttenz,2715.0,2765.0,1034.0,988.0,301.0,86.0,3500.0,14115.0,1746,1370,2015.0,2770.0,2015.0,2770.0,75.0,,,56.0,5.0,2.75,10934.0,728667174.0,8060.0,10.0,11080.0,5204.0,70392.0,154.0,186.0,-32.0,1188.0,1021.0,167.0,-1.0,134.0,70526.0,2015.0,2770.0,8060.0,10.0,11080.0,96.0,8060.0,10.0,11080.0,101.0,966.0979492470532,1262.7436257622437,1583.219244142252,1918.379226250838,1362.2919186590302,141.883008037,555.2091256196,2392.855378959,4542.4556492026,649.7236572154,8282.1268190336
2016,Muttenz,2714.0,2830.0,1040.0,989.0,291.0,80.0,3621.0,14113.0,847,946,2016.0,2770.0,2016.0,2770.0,39.0,,,56.0,5.0,2.75,10973.0,744187984.0,8064.0,10.0,11080.0,5204.0,70900.0,152.0,166.0,-14.0,1171.0,1090.0,81.0,0.0,67.0,70967.0,2016.0,2770.0,8064.0,10.0,11080.0,82.0,8064.0,10.0,11080.0,82.0,966.0979492470532,1262.7436257622437,1583.219244142252,1918.379226250838,1362.2919186590302,141.883008037,555.2091256196,2392.855378959,4542.4556492026,649.7236572154,8282.1268190336
2017,Muttenz,2705.0,2824.0,1061.0,1016.0,285.0,75.0,3713.0,14101.0,962,846,2017.0,2770.0,2017.0,2770.0,69.0,,,56.0,5.0,2.75,11001.0,747652949.0,8068.0,10.0,11080.0,5204.0,71213.0,167.0,174.0,-7.0,1097.0,1006.0,91.0,0.0,84.0,71297.0,2017.0,2770.0,8068.0,10.0,11080.0,94.0,8068.0,10.0,11080.0,94.0,966.0979492470532,1262.7436257622437,1583.219244142252,1918.379226250838,1362.2919186590302,141.883008037,555.2091256196,2392.855378959,4542.4556492026,649.7236572154,8282.1268190336
2018,Muttenz,2735.0,2845.0,1012.0,1053.0,274.0,73.0,3740.0,14130.0,1053,565,2018.0,2770.0,2018.0,2770.0,61.0,,,56.0,5.0,2.75,11011.0,755918817.0,8072.0,10.0,11080.0,5204.0,71479.0,166.0,180.0,-14.0,1084.0,1069.0,15.0,0.0,1.0,71480.0,2018.0,2770.0,8072.0,10.0,11080.0,101.0,8072.0,10.0,11080.0,101.0,966.0979492470532,1262.7436257622437,1583.219244142252,1918.379226250838,1362.2919186590302,141.883008037,555.2091256196,2392.855378959,4542.4556492026,649.7236572154,8282.1268190336
2019,Muttenz,2784.0,2834.0,1006.0,1058.0,272.0,79.0,3819.0,14136.0,955,768,2019.0,2770.0,2019.0,2770.0,35.0,,,56.0,5.0,2.75,11078.0,776135172.0,8076.0,10.0,11080.0,5204.0,71773.0,161.0,185.0,-24.0,1066.0,951.0,115.0,0.0,91.0,71864.0,2019.0,2770.0,8076.0,10.0,11080.0,99.0,8076.0,10.0,11080.0,99.0,966.0979492470532,1262.7436257622437,1583.219244142252,1918.379226250838,1362.2919186590302,141.883008037,555.2091256196,2392.855378959,4542.4556492026,649.7236572154,8282.1268190336
2020,Muttenz,2877.0,2817.0,1020.0,1060.0,268.0,76.0,3906.0,14132.0,755,554,2020.0,2770.0,2020.0,2770.0,81.0,,,56.0,5.0,0.55,11107.0,765301301.0,8080.0,10.0,11080.0,5204.0,72141.0,156.0,213.0,-57.0,1081.0,997.0,84.0,-2.0,25.0,72166.0,2020.0,2770.0,8080.0,10.0,11080.0,88.0,8080.0,10.0,11080.0,94.0,,,,,,,,,,,
2021,Muttenz,2887.0,2830.0,1014.0,1047.0,259.0,87.0,3951.0,14049.0,746,565,2021.0,2770.0,2021.0,2770.0,8.0,,,56.0,5.0,0.55,11121.0,774673840.0,8084.0,10.0,11080.0,5204.0,71998.0,144.0,180.0,-36.0,1043.0,999.0,44.0,-1.0,7.0,72005.0,2021.0,2770.0,8084.0,10.0,11080.0,105.0,8084.0,10.0,11080.0,114.0,,,,,,,,,,,
2022,Muttenz,2892.0,2799.0,1008.0,1037.0,274.0,87.0,4091.0,13990.0,563,,2022.0,2770.0,2022.0,2770.0,160.0,,,56.0,5.0,0.55,11079.0,776145453.0,8088.0,10.0,11080.0,5204.0,72252.0,138.0,184.0,-46.0,1134.0,943.0,191.0,0.0,145.0,72397.0,2022.0,2770.0,8088.0,10.0,11080.0,110.0,8088.0,10.0,11080.0,105.0,,,,,,,,,,,
2023,Muttenz,2971.0,2832.0,1039.0,1062.0,269.0,89.0,4224.0,14028.0,1166,,2023.0,2770.0,2023.0,2770.0,57.0,55.0,55.0,56.0,,,,,8092.0,10.0,11080.0,5204.0,72913.0,141.0,189.0,-48.0,1153.0,910.0,243.0,0.0,195.0,73108.0,2023.0,2770.0,8092.0,10.0,11080.0,99.0,8092.0,10.0,11080.0,88.0,,,,,,,,,,,
2024,Muttenz,2957.0,2800.0,1033.0,1047.0,271.0,92.0,4279.0,14030.0,,,2024.0,2770.0,2024.0,2770.0,52.0,55.0,55.0,56.0,,,,,8096.0,10.0,11080.0,5204.0,73313.0,126.0,166.0,-40.0,907.0,1021.0,-114.0,0.0,-154.0,73159.0,2024.0,2770.0,8096.0,10.0,11080.0,76.0,8096.0,10.0,11080.0,99.0,,,,,,,,,,,
2025,Muttenz,,,,,,,,,,,,,,,,55.0,55.0,56.0,,,,,6075.0,6.0,8310.0,3903.0,54593.0,96.0,142.0,-46.0,752.0,683.0,69.0,0.0,23.0,54616.0,,,4050.0,3.0,5540.0,48.0,4050.0,3.0,5540.0,46.0,,,,,,,,,,,
1975,Sissach,,,,,,,,,,,,,,,,,,67.86,,,,,,,,,,,,,,,,,,,,,,,,,,,,,,,,,,,,,,,
1976,Sissach,,,,,,,,,,,,,,,,,,67.86,,,,,,,,,,,,,,,,,,,,,,,,,,,,,,,,,,,,,,,
1977,Sissach,,,,,,,,,,,,,,,,,,67.86,,,,,,,,,,,,,,,,,,,,,,,,,,,,,,,,,,,,,,,
1978,Sissach,,,,,,,,,,,,,,,,,,67.86,,,,,,,,,,,,,,,,,,,,,,,,,,,,,,,,,,,,,,,
1979,Sissach,,,,,,,,,,,1979.0,2861.0,,,,,,67.86,,,,,,,,,,,,,,,,,,,1979.0,2861.0,,,,,,,,,,,,,,,,,,,
1980,Sissach,,,,,,,653.0,3964.0,,,1980.0,2861.0,,,,,,64.73,,,,,,,,,,,,,,,,,,,1980.0,2861.0,,,,,,,,,,,,,,,,,,,
1981,Sissach,,,,,,,690.0,3976.0,,,1981.0,2861.0,,,,,,64.73,,,,,,,,,,,,,,,,,,,1981.0,2861.0,,,,,,,,,,,,,,,,,,,
1982,Sissach,,,,,,,691.0,3980.0,,,1982.0,2861.0,,,,,,64.73,,,,,,,,,,,,,,,,,,,1982.0,2861.0,,,,,,,,,,,,,,,,,,,
1983,Sissach,,,,,,,686.0,3999.0,,,1983.0,2861.0,,,,,,64.73,,,,,,,,,,,,,,,,,,,1983.0,2861.0,,,,,,,,,,,,,,,,,,,
1984,Sissach,,,,,,,685.0,4077.0,,,1984.0,2861.0,,,,,,64.73,,,,,,,,,,,,,,,,,,,1984.0,2861.0,,,,,,,,,,,,,,,,,,,
1985,Sissach,,,,,,,691.0,4141.0,,,1985.0,2861.0,,,,,,61.19,,,,,,,,,,,,,,,,,,,1985.0,2861.0,,,,,,,,,,,,,,,,,,,
1986,Sissach,,,,,,,699.0,4231.0,,,1986.0,2861.0,,,,,,61.19,,,,,,,,,,,,,,,,,,,1986.0,2861.0,,,,,,,,,,,,,,,,,,,
1987,Sissach,,,,,,,741.0,4303.0,,,1987.0,2861.0,,,,,,61.19,,,,,,,,,,,,,,,,,,,1987.0,2861.0,,,,,,,,,,,,,,,,,,,
1988,Sissach,,,,,,,738.0,4349.0,,,1988.0,2861.0,,,,,,61.19,,,,,,,,,,,,,,,,,,,1988.0,2861.0,,,,,,,,,,,,,,,,,,,
1989,Sissach,,,,,,,734.0,4337.0,,,1989.0,2861.0,,,,,,59.08,,,,,,,,,,,,,,,,,,,1989.0,2861.0,,,,,,,,,,,,,,,,,,,
1990,Sissach,,,,,,,764.0,4337.0,,,1990.0,2861.0,,,,,,59.08,,,,,,,,,,,,,,,,,,,1990.0,2861.0,,,,,,,,,,,,,,,,,,,
1991,Sissach,,,,,,,816.0,4401.0,,,1991.0,2861.0,,,,,,56.97,,,,,,,,,,,,,,,,,,,1991.0,2861.0,,,,,,,,,,,,,,,,,,,
1992,Sissach,,,,,,,884.0,4426.0,,,1992.0,2861.0,,,,,,56.97,,,,,,,,,,,,,,,,,,,1992.0,2861.0,,,,,,,,,,,,,,,,,,,
1993,Sissach,,,,,,,861.0,4435.0,,,1993.0,2861.0,,,,,,62.4,,,,,,,,,,,,,,,,,,,1993.0,2861.0,,,,,,,,,,,,,,,,,,,
1994,Sissach,,,,,,,870.0,4430.0,,,1994.0,2861.0,1994.0,2861.0,13.0,,,62.4,,,,,,,,,,,,,,,,,,,1994.0,2861.0,,,,,,,,,,,,,,,,,,,
1995,Sissach,,,,,,,883.0,4406.0,,,1995.0,2861.0,1995.0,2861.0,40.0,,,62.4,,,,,,,,,,,,,,,,,,,1995.0,2861.0,,,,,,,,,,,,,,,,,,,
1996,Sissach,,,,,,,866.0,4411.0,,,1996.0,2861.0,1996.0,2861.0,8.0,,,62.64,,,,,,,,,,,,,,,,,,,1996.0,2861.0,,,,,,,,,,,,,,,,,,,
1997,Sissach,,,,,,,842.0,4419.0,,,1997.0,2861.0,1997.0,2861.0,22.0,,,62.64,,,,,,,,,,,,,,,,,,,1997.0,2861.0,,,,,,,,,,,,,,,,,,,
1998,Sissach,,,,,,,857.0,4394.0,,,1998.0,2861.0,1998.0,2861.0,49.0,,,62.64,,,,,,,,,,,,,,,,,,,1998.0,2861.0,,,,,,,,,,,,,,,,,,,
1999,Sissach,,,,,,,918.0,4425.0,,,1999.0,2861.0,1999.0,2861.0,50.0,,,62.64,,,,,,,,,,,,,,,,,,,1999.0,2861.0,,,,,,,,,,,,,,,,,,,
2000,Sissach,,,,,,,926.0,4488.0,,,2000.0,2861.0,2000.0,2861.0,24.0,,,63.0,4.5,5.0,,,,,,,,,,,,,,,,,2000.0,2861.0,,,,,,,,,,,,,,,,,,,
2001,Sissach,,,,,,,912.0,4511.0,,,2001.0,2861.0,2001.0,2861.0,66.0,,,63.0,4.5,5.0,,,,,,,,,,,,,,,,,2001.0,2861.0,,,,,,,,,,,,,,,,,,,
2002,Sissach,,,,,,,978.0,4526.0,,,2002.0,2861.0,2002.0,2861.0,51.0,,,63.0,4.5,5.0,,,,,,,,,,,,,,,,,2002.0,2861.0,,,,,,,,,,,,,,,,,,,
2003,Sissach,,,,,,,1022.0,4593.0,,,2003.0,2861.0,2003.0,2861.0,21.0,,,61.0,4.5,5.0,,,8012.0,10.0,11444.0,5216.0,22417.0,68.0,51.0,17.0,544.0,458.0,86.0,-12.0,91.0,22508.0,2003.0,2861.0,,,,,,,,,,,,,,,,,,,
2004,Sissach,,,,,,,1020.0,4623.0,,,2004.0,2861.0,2004.0,2861.0,23.0,,,61.0,4.5,5.0,,,8016.0,10.0,11444.0,5216.0,22589.0,45.0,35.0,10.0,420.0,459.0,-39.0,-2.0,-31.0,22558.0,2004.0,2861.0,,,,,,,,,,,,,,,,,,,
2005,Sissach,,,,,,,1028.0,4674.0,,,2005.0,2861.0,2005.0,2861.0,27.0,,,61.0,4.5,5.0,,,8020.0,10.0,11444.0,5216.0,22732.0,68.0,51.0,17.0,559.0,427.0,132.0,0.0,149.0,22881.0,2005.0,2861.0,8020.0,10.0,11444.0,46.0,8020.0,10.0,11444.0,53.0,,,,,,,,,,,
2006,Sissach,,,,,,,1052.0,4740.0,,,2006.0,2861.0,2006.0,2861.0,53.0,,,59.0,4.0,4.5,,,8024.0,10.0,11444.0,5216.0,23181.0,45.0,54.0,-9.0,532.0,543.0,-11.0,0.0,-20.0,23161.0,2006.0,2861.0,8024.0,10.0,11444.0,72.0,8024.0,10.0,11444.0,72.0,,,,,,,,,,,
2007,Sissach,,,,,,,1023.0,4779.0,,,2007.0,2861.0,2007.0,2861.0,12.0,,,59.0,4.0,4.5,,,8028.0,10.0,11444.0,5216.0,23165.0,63.0,43.0,20.0,521.0,454.0,67.0,0.0,87.0,23252.0,2007.0,2861.0,8028.0,10.0,11444.0,53.0,8028.0,10.0,11444.0,55.0,,,,,,,,,,,
2008,Sissach,,,,,,,1056.0,4952.0,,,2008.0,2861.0,2008.0,2861.0,150.0,,,59.0,4.0,2.75,,,8032.0,10.0,11444.0,5216.0,23892.0,65.0,51.0,14.0,712.0,441.0,271.0,0.0,285.0,24177.0,2008.0,2861.0,8032.0,10.0,11444.0,68.0,8032.0,10.0,11444.0,68.0,,,,,,,,,,,
2009,Sissach,,,,,,,1073.0,5085.0,,,2009.0,2861.0,2009.0,2861.0,31.0,,,55.0,4.0,2.75,,,8036.0,10.0,11444.0,5216.0,24605.0,72.0,52.0,20.0,548.0,516.0,32.0,0.0,52.0,24657.0,2009.0,2861.0,8036.0,10.0,11444.0,59.0,8036.0,10.0,11444.0,49.0,,,,,,,,,,,
2010,Sissach,,,,,,,1049.0,5176.0,,,2010.0,2861.0,2010.0,2861.0,36.0,,,55.0,4.0,2.75,,,8040.0,10.0,11444.0,5216.0,24857.0,86.0,49.0,37.0,529.0,477.0,52.0,0.0,89.0,24946.0,2010.0,2861.0,8040.0,10.0,11444.0,70.0,8040.0,10.0,11444.0,66.0,1024.3963439359864,1276.302189244998,1618.6329973219233,2076.5532534639588,1415.183462417752,93.2322648863,0.0,750.9571340281,1546.5770370926,273.2966583852,2674.6683889987
2011,Sissach,,,,,,,1028.0,5249.0,,,2011.0,2861.0,2011.0,2861.0,19.0,,,55.0,4.0,2.75,,,8044.0,10.0,11444.0,5216.0,25106.0,75.0,59.0,16.0,508.0,524.0,-16.0,0.0,0.0,25106.0,2011.0,2861.0,8044.0,10.0,11444.0,61.0,8044.0,10.0,11444.0,59.0,1024.3963439359864,1276.302189244998,1618.6329973219233,2076.5532534639588,1415.183462417752,93.2322648863,0.0,750.9571340281,1546.5770370926,273.2966583852,2674.6683889987
2012,Sissach,874.0,963.0,385.0,353.0,111.0,39.0,1028.0,5256.0,,,2012.0,2861.0,2012.0,2861.0,26.0,,,55.0,4.0,2.75,,,8048.0,10.0,11444.0,5216.0,25120.0,79.0,40.0,39.0,547.0,561.0,-14.0,0.0,25.0,25145.0,2012.0,2861.0,8048.0,10.0,11444.0,54.0,8048.0,10.0,11444.0,53.0,1024.3963439359864,1276.302189244998,1618.6329973219233,2076.5532534639588,1415.183462417752,93.2322648863,0.0,750.9571340281,1546.5770370926,273.2966583852,2674.6683889987
2013,Sissach,859.0,990.0,395.0,359.0,123.0,39.0,1046.0,5298.0,( )22,815,2013.0,2861.0,2013.0,2861.0,54.0,,,57.0,4.0,2.75,3996.0,255592686.0,8052.0,10.0,11444.0,5216.0,25306.0,82.0,46.0,36.0,611.0,509.0,102.0,0.0,138.0,25444.0,2013.0,2861.0,8052.0,10.0,11444.0,51.0,8052.0,10.0,11444.0,59.0,1024.3963439359864,1276.302189244998,1618.6329973219233,2076.5532534639588,1415.183462417752,93.2322648863,0.0,750.9571340281,1546.5770370926,273.2966583852,2674.6683889987
2014,Sissach,887.0,979.0,419.0,361.0,115.0,43.0,1065.0,5398.0,527,( )18,2014.0,2861.0,2014.0,2861.0,52.0,,,57.0,4.0,2.75,4046.0,266583765.0,8056.0,10.0,11444.0,5216.0,25822.0,56.0,55.0,1.0,453.0,398.0,55.0,0.0,56.0,25878.0,2014.0,2861.0,8056.0,10.0,11444.0,50.0,8056.0,10.0,11444.0,46.0,1024.3963439359864,1276.302189244998,1618.6329973219233,2076.5532534639588,1415.183462417752,93.2322648863,0.0,750.9571340281,1546.5770370926,273.2966583852,2674.6683889987
2015,Sissach,932.0,1047.0,388.0,385.0,111.0,39.0,1104.0,5470.0,829,( )27,2015.0,2861.0,2015.0,2861.0,116.0,,,57.0,4.0,2.75,4116.0,272726509.0,8060.0,10.0,11444.0,5216.0,26201.0,74.0,53.0,21.0,620.0,456.0,164.0,0.0,185.0,26386.0,2015.0,2861.0,8060.0,10.0,11444.0,40.0,8060.0,10.0,11444.0,43.0,996.7986057972364,1381.8916690580702,1680.108609795333,1994.3781813849405,1454.232680290844,65.5534626736,0.0,806.2488360869,1626.2337628728,403.1407936711,2908.6189883845
2016,Sissach,964.0,1055.0,402.0,379.0,116.0,41.0,1183.0,5545.0,426,( )33,2016.0,2861.0,2016.0,2861.0,32.0,,,57.0,4.0,2.75,4169.0,283215446.0,8064.0,10.0,11444.0,5216.0,26865.0,87.0,44.0,43.0,516.0,469.0,47.0,0.0,90.0,26955.0,2016.0,2861.0,8064.0,10.0,11444.0,45.0,8064.0,10.0,11444.0,37.0,996.7986057972364,1381.8916690580702,1680.108609795333,1994.3781813849405,1454.232680290844,65.5534626736,0.0,806.2488360869,1626.2337628728,403.1407936711,2908.6189883845
2017,Sissach,958.0,1054.0,382.0,381.0,112.0,43.0,1180.0,5533.0,423,530,2017.0,2861.0,2017.0,2861.0,20.0,,,57.0,4.0,2.75,4091.0,279909678.0,8068.0,10.0,11444.0,5216.0,26889.0,72.0,55.0,17.0,486.0,581.0,-95.0,0.0,-78.0,26811.0,2017.0,2861.0,8068.0,10.0,11444.0,36.0,8068.0,10.0,11444.0,49.0,996.7986057972364,1381.8916690580702,1680.108609795333,1994.3781813849405,1454.232680290844,65.5534626736,0.0,806.2488360869,1626.2337628728,403.1407936711,2908.6189883845
2018,Sissach,980.0,1064.0,379.0,378.0,112.0,43.0,1165.0,5532.0,( )25,416,2018.0,2861.0,2018.0,2861.0,40.0,,,57.0,4.0,2.75,4154.0,287536006.0,8072.0,10.0,11444.0,5216.0,26779.0,70.0,47.0,23.0,478.0,489.0,-11.0,0.0,12.0,26791.0,2018.0,2861.0,8072.0,10.0,11444.0,58.0,8072.0,10.0,11444.0,48.0,996.7986057972364,1381.8916690580702,1680.108609795333,1994.3781813849405,1454.232680290844,65.5534626736,0.0,806.2488360869,1626.2337628728,403.1407936711,2908.6189883845
2019,Sissach,1013.0,1075.0,375.0,378.0,107.0,40.0,1161.0,5539.0,431,( )19,2019.0,2861.0,2019.0,2861.0,34.0,,,57.0,4.0,2.75,4160.0,287305505.0,8076.0,10.0,11444.0,5216.0,26800.0,62.0,52.0,10.0,484.0,494.0,-10.0,-1.0,-1.0,26799.0,2019.0,2861.0,8076.0,10.0,11444.0,37.0,8076.0,10.0,11444.0,38.0,996.7986057972364,1381.8916690580702,1680.108609795333,1994.3781813849405,1454.232680290844,65.5534626736,0.0,806.2488360869,1626.2337628728,403.1407936711,2908.6189883845
2020,Sissach,1052.0,1086.0,370.0,376.0,105.0,39.0,1137.0,5563.0,528,834,2020.0,2861.0,2020.0,2861.0,19.0,,,57.0,4.0,0.55,4216.0,287666961.0,8080.0,10.0,11444.0,5216.0,26793.0,76.0,55.0,21.0,475.0,481.0,-6.0,0.0,15.0,26808.0,2020.0,2861.0,8080.0,10.0,11444.0,48.0,8080.0,10.0,11444.0,64.0,,,,,,,,,,,
2021,Sissach,1097.0,1106.0,379.0,379.0,104.0,36.0,1161.0,5618.0,( )30,416,2021.0,2861.0,2021.0,2861.0,14.0,,,57.0,4.0,0.55,4287.0,297116364.0,8084.0,10.0,11444.0,5216.0,27058.0,65.0,61.0,4.0,534.0,425.0,109.0,0.0,113.0,27171.0,2021.0,2861.0,8084.0,10.0,11444.0,57.0,8084.0,10.0,11444.0,57.0,,,,,,,,,,,
2022,Sissach,1114.0,1105.0,360.0,394.0,98.0,38.0,1243.0,5647.0,428,,2022.0,2861.0,2022.0,2861.0,48.0,,,57.0,4.0,0.55,4293.0,297959073.0,8088.0,10.0,11444.0,5216.0,27522.0,53.0,54.0,-1.0,559.0,479.0,80.0,0.0,79.0,27601.0,2022.0,2861.0,8088.0,10.0,11444.0,42.0,8088.0,10.0,11444.0,31.0,,,,,,,,,,,
2023,Sissach,1125.0,1112.0,366.0,389.0,105.0,34.0,1282.0,5606.0,530,,2023.0,2861.0,2023.0,2861.0,10.0,55.0,55.0,57.0,,,,,8092.0,10.0,11444.0,5216.0,27558.0,50.0,69.0,-19.0,539.0,534.0,5.0,0.0,-14.0,27544.0,2023.0,2861.0,8092.0,10.0,11444.0,41.0,8092.0,10.0,11444.0,46.0,,,,,,,,,,,
2024,Sissach,1120.0,1123.0,373.0,391.0,101.0,35.0,1280.0,5619.0,,,2024.0,2861.0,2024.0,2861.0,12.0,55.0,55.0,57.0,,,,,8096.0,10.0,11444.0,5216.0,27578.0,53.0,58.0,-5.0,473.0,435.0,38.0,0.0,33.0,27611.0,2024.0,2861.0,8096.0,10.0,11444.0,60.0,8096.0,10.0,11444.0,54.0,,,,,,,,,,,
2025,Sissach,,,,,,,,,,,,,,,,55.0,55.0,57.0,,,,,6075.0,6.0,8583.0,3912.0,20845.0,48.0,51.0,-3.0,370.0,301.0,69.0,0.0,66.0,20911.0,,,4050.0,3.0,5722.0,20.0,4050.0,3.0,5722.0,16.0,,,,,,,,,,,
1975,Waldenburg,,,,,,,,,,,,,,,,,,65.0,,,,,,,,,,,,,,,,,,,,,,,,,,,,,,,,,,,,,,,
1976,Waldenburg,,,,,,,,,,,,,,,,,,66.0,,,,,,,,,,,,,,,,,,,,,,,,,,,,,,,,,,,,,,,
1977,Waldenburg,,,,,,,,,,,,,,,,,,65.0,,,,,,,,,,,,,,,,,,,,,,,,,,,,,,,,,,,,,,,
1978,Waldenburg,,,,,,,,,,,,,,,,,,65.0,,,,,,,,,,,,,,,,,,,,,,,,,,,,,,,,,,,,,,,
1979,Waldenburg,,,,,,,,,,,1979.0,2895.0,,,,,,65.0,,,,,,,,,,,,,,,,,,,1979.0,2895.0,,,,,,,,,,,,,,,,,,,
1980,Waldenburg,,,,,,,185.0,1036.0,,,1980.0,2895.0,,,,,,65.0,,,,,,,,,,,,,,,,,,,1980.0,2895.0,,,,,,,,,,,,,,,,,,,
1981,Waldenburg,,,,,,,189.0,1041.0,,,1981.0,2895.0,,,,,,65.0,,,,,,,,,,,,,,,,,,,1981.0,2895.0,,,,,,,,,,,,,,,,,,,
1982,Waldenburg,,,,,,,190.0,1039.0,,,1982.0,2895.0,,,,,,65.0,,,,,,,,,,,,,,,,,,,1982.0,2895.0,,,,,,,,,,,,,,,,,,,
1983,Waldenburg,,,,,,,177.0,1049.0,,,1983.0,2895.0,,,,,,65.0,,,,,,,,,,,,,,,,,,,1983.0,2895.0,,,,,,,,,,,,,,,,,,,
1984,Waldenburg,,,,,,,177.0,1048.0,,,1984.0,2895.0,,,,,,65.0,,,,,,,,,,,,,,,,,,,1984.0,2895.0,,,,,,,,,,,,,,,,,,,
1985,Waldenburg,,,,,,,185.0,1025.0,,,1985.0,2895.0,,,,,,65.0,,,,,,,,,,,,,,,,,,,1985.0,2895.0,,,,,,,,,,,,,,,,,,,
1986,Waldenburg,,,,,,,206.0,990.0,,,1986.0,2895.0,,,,,,65.0,,,,,,,,,,,,,,,,,,,1986.0,2895.0,,,,,,,,,,,,,,,,,,,
1987,Waldenburg,,,,,,,224.0,965.0,,,1987.0,2895.0,,,,,,65.0,,,,,,,,,,,,,,,,,,,1987.0,2895.0,,,,,,,,,,,,,,,,,,,
1988,Waldenburg,,,,,,,237.0,951.0,,,1988.0,2895.0,,,,,,65.0,,,,,,,,,,,,,,,,,,,1988.0,2895.0,,,,,,,,,,,,,,,,,,,
1989,Waldenburg,,,,,,,253.0,955.0,,,1989.0,2895.0,,,,,,65.0,,,,,,,,,,,,,,,,,,,1989.0,2895.0,,,,,,,,,,,,,,,,,,,
1990,Waldenburg,,,,,,,281.0,970.0,,,1990.0,2895.0,,,,,,65.0,,,,,,,,,,,,,,,,,,,1990.0,2895.0,,,,,,,,,,,,,,,,,,,
1991,Waldenburg,,,,,,,301.0,982.0,,,1991.0,2895.0,,,,,,62.0,,,,,,,,,,,,,,,,,,,1991.0,2895.0,,,,,,,,,,,,,,,,,,,
1992,Waldenburg,,,,,,,325.0,986.0,,,1992.0,2895.0,,,,,,62.0,,,,,,,,,,,,,,,,,,,1992.0,2895.0,,,,,,,,,,,,,,,,,,,
1993,Waldenburg,,,,,,,329.0,971.0,,,1993.0,2895.0,,,,,,63.0,,,,,,,,,,,,,,,,,,,1993.0,2895.0,,,,,,,,,,,,,,,,,,,
1994,Waldenburg,,,,,,,345.0,968.0,,,1994.0,2895.0,1994.0,2895.0,9.0,,,64.0,,,,,,,,,,,,,,,,,,,1994.0,2895.0,,,,,,,,,,,,,,,,,,,
1995,Waldenburg,,,,,,,374.0,971.0,,,1995.0,2895.0,1995.0,2895.0,5.0,,,64.0,,,,,,,,,,,,,,,,,,,1995.0,2895.0,,,,,,,,,,,,,,,,,,,
1996,Waldenburg,,,,,,,409.0,977.0,,,1996.0,2895.0,1996.0,2895.0,32.0,,,67.0,,,,,,,,,,,,,,,,,,,1996.0,2895.0,,,,,,,,,,,,,,,,,,,
1997,Waldenburg,,,,,,,438.0,970.0,,,1997.0,2895.0,1997.0,2895.0,1.0,,,67.0,,,,,,,,,,,,,,,,,,,1997.0,2895.0,,,,,,,,,,,,,,,,,,,
1998,Waldenburg,,,,,,,446.0,977.0,,,1998.0,2895.0,1998.0,2895.0,1.0,,,67.0,,,,,,,,,,,,,,,,,,,1998.0,2895.0,,,,,,,,,,,,,,,,,,,
1999,Waldenburg,,,,,,,433.0,970.0,,,1999.0,2895.0,1999.0,2895.0,2.0,,,67.0,,,,,,,,,,,,,,,,,,,1999.0,2895.0,,,,,,,,,,,,,,,,,,,
2000,Waldenburg,,,,,,,426.0,957.0,,,2000.0,2895.0,2000.0,2895.0,0.0,,,67.0,4.5,5.0,,,,,,,,,,,,,,,,,2000.0,2895.0,,,,,,,,,,,,,,,,,,,
2001,Waldenburg,,,,,,,370.0,943.0,,,2001.0,2895.0,2001.0,2895.0,0.0,,,67.0,4.5,5.0,,,,,,,,,,,,,,,,,2001.0,2895.0,,,,,,,,,,,,,,,,,,,
2002,Waldenburg,,,,,,,350.0,926.0,,,2002.0,2895.0,2002.0,2895.0,0.0,,,67.0,4.8,5.3,,,,,,,,,,,,,,,,,2002.0,2895.0,,,,,,,,,,,,,,,,,,,
2003,Waldenburg,,,,,,,359.0,927.0,,,2003.0,2895.0,2003.0,2895.0,0.0,,,67.0,4.75,5.25,,,8012.0,10.0,11580.0,5220.0,5135.0,15.0,12.0,3.0,104.0,85.0,19.0,0.0,22.0,5157.0,2003.0,2895.0,,,,,,,,,,,,,,,,,,,
2004,Waldenburg,,,,,,,360.0,944.0,,,2004.0,2895.0,2004.0,2895.0,1.0,,,67.0,4.75,5.25,,,8016.0,10.0,11580.0,5220.0,5211.0,19.0,11.0,8.0,130.0,133.0,-3.0,0.0,5.0,5216.0,2004.0,2895.0,,,,,,,,,,,,,,,,,,,
2005,Waldenburg,,,,,,,377.0,933.0,,,2005.0,2895.0,2005.0,2895.0,0.0,,,67.0,4.75,5.25,,,8020.0,10.0,11580.0,5220.0,5245.0,13.0,9.0,4.0,122.0,132.0,-10.0,0.0,-6.0,5239.0,2005.0,2895.0,6015.0,9.0,8685.0,12.0,6015.0,9.0,8685.0,9.0,,,,,,,,,,,
2006,Waldenburg,,,,,,,365.0,915.0,,,2006.0,2895.0,2006.0,2895.0,2.0,,,67.0,4.75,5.25,,,8024.0,10.0,11580.0,5220.0,5132.0,14.0,21.0,-7.0,94.0,111.0,-17.0,0.0,-24.0,5108.0,2006.0,2895.0,8024.0,10.0,11580.0,11.0,8024.0,10.0,11580.0,14.0,,,,,,,,,,,
2007,Waldenburg,,,,,,,355.0,905.0,,,2007.0,2895.0,2007.0,2895.0,1.0,,,67.0,4.75,5.25,,,8028.0,10.0,11580.0,5220.0,5053.0,16.0,13.0,3.0,82.0,112.0,-30.0,0.0,-27.0,5026.0,2007.0,2895.0,8028.0,10.0,11580.0,15.0,8028.0,10.0,11580.0,16.0,,,,,,,,,,,
2008,Waldenburg,,,,,,,346.0,896.0,,,2008.0,2895.0,2008.0,2895.0,3.0,,,67.0,4.75,3.5,,,8032.0,10.0,11580.0,5220.0,4971.0,13.0,13.0,0.0,107.0,111.0,-4.0,0.0,-4.0,4967.0,2008.0,2895.0,8032.0,10.0,11580.0,17.0,8032.0,10.0,11580.0,18.0,,,,,,,,,,,
2009,Waldenburg,,,,,,,344.0,890.0,,,2009.0,2895.0,2009.0,2895.0,4.0,,,67.0,4.75,3.5,,,8036.0,10.0,11580.0,5220.0,4958.0,11.0,8.0,3.0,103.0,144.0,-41.0,0.0,-38.0,4920.0,2009.0,2895.0,8036.0,10.0,11580.0,14.0,8036.0,10.0,11580.0,10.0,,,,,,,,,,,
2010,Waldenburg,,,,,,,335.0,889.0,,,2010.0,2895.0,2010.0,2895.0,0.0,,,67.0,4.75,3.5,,,8040.0,10.0,11580.0,5220.0,4886.0,12.0,12.0,0.0,128.0,115.0,13.0,0.0,13.0,4899.0,2010.0,2895.0,8040.0,10.0,11580.0,13.0,8040.0,10.0,11580.0,14.0,951.0466155638928,1099.245208219173,1210.7124646540162,1750.871442618863,1155.758837756888,20.7923069078,,191.4168100202,256.8267102827,0.0,475.3545356289
2011,Waldenburg,,,,,,,336.0,886.0,,,2011.0,2895.0,2011.0,2895.0,0.0,,,67.0,4.75,2.75,,,8044.0,10.0,11580.0,5220.0,4892.0,15.0,6.0,9.0,109.0,123.0,-14.0,0.0,-5.0,4887.0,2011.0,2895.0,8044.0,10.0,11580.0,15.0,8044.0,10.0,11580.0,15.0,951.0466155638928,1099.245208219173,1210.7124646540162,1750.871442618863,1155.758837756888,20.7923069078,,191.4168100202,256.8267102827,0.0,475.3545356289
2012,Waldenburg,209.0,160.0,57.0,48.0,26.0,22.0,337.0,868.0,,,2012.0,2895.0,2012.0,2895.0,2.0,,,67.0,4.75,2.75,,,8048.0,10.0,11580.0,5220.0,4831.0,11.0,13.0,-2.0,119.0,137.0,-18.0,0.0,-20.0,4811.0,2012.0,2895.0,8048.0,10.0,11580.0,10.0,8048.0,10.0,11580.0,8.0,951.0466155638928,1099.245208219173,1210.7124646540162,1750.871442618863,1155.758837756888,20.7923069078,,191.4168100202,256.8267102827,0.0,475.3545356289
2013,Waldenburg,199.0,165.0,66.0,46.0,25.0,19.0,340.0,855.0,0( ),0( ),2013.0,2895.0,2013.0,2895.0,0.0,,,67.0,4.75,2.75,750.0,36500176.0,8052.0,10.0,11580.0,5220.0,4781.0,10.0,14.0,-4.0,91.0,95.0,-4.0,0.0,-8.0,4773.0,2013.0,2895.0,8052.0,10.0,11580.0,7.0,6039.0,8.0,8685.0,9.0,951.0466155638928,1099.245208219173,1210.7124646540162,1750.871442618863,1155.758837756888,20.7923069078,,191.4168100202,256.8267102827,0.0,475.3545356289
2014,Waldenburg,199.0,165.0,66.0,51.0,28.0,15.0,328.0,859.0,05,0( ),2014.0,2895.0,2014.0,2895.0,1.0,,,67.0,4.75,2.75,759.0,37195116.0,8056.0,10.0,11580.0,5220.0,4740.0,14.0,13.0,1.0,122.0,110.0,12.0,0.0,13.0,4753.0,2014.0,2895.0,6042.0,6.0,8685.0,6.0,6042.0,7.0,8685.0,8.0,951.0466155638928,1099.245208219173,1210.7124646540162,1750.871442618863,1155.758837756888,20.7923069078,,191.4168100202,256.8267102827,0.0,475.3545356289
2015,Waldenburg,187.0,168.0,64.0,44.0,29.0,14.0,343.0,838.0,0( ),( )( ),2015.0,2895.0,2015.0,2895.0,0.0,,,67.0,4.75,2.75,758.0,35681346.0,8060.0,10.0,11580.0,5220.0,4741.0,2.0,7.0,-5.0,87.0,122.0,-35.0,0.0,-40.0,4701.0,2015.0,2895.0,8060.0,10.0,11580.0,9.0,6045.0,8.0,8685.0,6.0,0.0,1090.5103288249263,1165.3947341928526,1765.1338537224035,1202.621131288579,0.0,,244.8992666824,148.4724745693,24.496499001,430.8333785467
2016,Waldenburg,192.0,177.0,65.0,47.0,28.0,13.0,351.0,821.0,04,06,2016.0,2895.0,2016.0,2895.0,3.0,,,69.5,4.75,2.75,751.0,36473856.0,8064.0,10.0,11580.0,5220.0,4675.0,8.0,9.0,-1.0,131.0,101.0,30.0,0.0,29.0,4704.0,2016.0,2895.0,8064.0,10.0,11580.0,10.0,8064.0,10.0,11580.0,10.0,0.0,1090.5103288249263,1165.3947341928526,1765.1338537224035,1202.621131288579,0.0,,244.8992666824,148.4724745693,24.496499001,430.8333785467
2017,Waldenburg,197.0,172.0,60.0,39.0,27.0,14.0,350.0,815.0,04,( )( ),2017.0,2895.0,2017.0,2895.0,0.0,,,69.5,4.75,2.75,733.0,36028458.0,8068.0,10.0,11580.0,5220.0,4685.0,14.0,9.0,5.0,98.0,149.0,-51.0,0.0,-46.0,4639.0,2017.0,2895.0,8068.0,10.0,11580.0,5.0,6051.0,9.0,8685.0,8.0,0.0,1090.5103288249263,1165.3947341928526,1765.1338537224035,1202.621131288579,0.0,,244.8992666824,148.4724745693,24.496499001,430.8333785467
2018,Waldenburg,199.0,167.0,67.0,40.0,21.0,9.0,334.0,781.0,( )( ),( )4,2018.0,2895.0,2018.0,2895.0,0.0,,,69.5,4.75,2.75,701.0,34989228.0,8072.0,10.0,11580.0,5220.0,4490.0,11.0,11.0,0.0,102.0,160.0,-58.0,0.0,-58.0,4432.0,2018.0,2895.0,8072.0,10.0,11580.0,9.0,6054.0,7.0,8685.0,7.0,0.0,1090.5103288249263,1165.3947341928526,1765.1338537224035,1202.621131288579,0.0,,244.8992666824,148.4724745693,24.496499001,430.8333785467
2019,Waldenburg,201.0,177.0,62.0,42.0,20.0,11.0,332.0,767.0,( )( ),0( ),2019.0,2895.0,2019.0,2895.0,7.0,,,69.5,4.75,2.75,715.0,35420765.0,8076.0,10.0,11580.0,5220.0,4377.0,11.0,9.0,2.0,128.0,97.0,31.0,0.0,33.0,4410.0,2019.0,2895.0,6057.0,8.0,8685.0,5.0,8076.0,10.0,11580.0,7.0,0.0,1090.5103288249263,1165.3947341928526,1765.1338537224035,1202.621131288579,0.0,,244.8992666824,148.4724745693,24.496499001,430.8333785467
2020,Waldenburg,205.0,186.0,59.0,41.0,25.0,10.0,349.0,788.0,0( ),( )4,2020.0,2895.0,2020.0,2895.0,0.0,,,69.5,4.75,0.55,725.0,36677839.0,8080.0,10.0,11580.0,5220.0,4540.0,11.0,8.0,3.0,119.0,110.0,9.0,0.0,12.0,4552.0,2020.0,2895.0,8080.0,10.0,11580.0,11.0,8080.0,10.0,11580.0,14.0,,,,,,,,,,,
2021,Waldenburg,225.0,178.0,55.0,42.0,23.0,11.0,351.0,773.0,( )( ),4( ),2021.0,2895.0,2021.0,2895.0,4.0,,,69.5,4.75,0.55,740.0,36554928.0,8084.0,10.0,11580.0,5220.0,4497.0,6.0,16.0,-10.0,110.0,100.0,10.0,0.0,0.0,4497.0,2021.0,2895.0,8084.0,10.0,11580.0,14.0,4042.0,6.0,5790.0,8.0,,,,,,,,,,,
2022,Waldenburg,212.0,190.0,53.0,36.0,22.0,11.0,353.0,770.0,( )4,,2022.0,2895.0,2022.0,2895.0,20.0,,,69.5,4.75,0.55,721.0,35829406.0,8088.0,10.0,11580.0,5220.0,4495.0,8.0,11.0,-3.0,131.0,141.0,-10.0,0.0,-13.0,4482.0,2022.0,2895.0,8088.0,10.0,11580.0,11.0,8088.0,10.0,11580.0,16.0,,,,,,,,,,,
2023,Waldenburg,225.0,192.0,57.0,32.0,24.0,9.0,368.0,769.0,( )4,,2023.0,2895.0,2023.0,2895.0,13.0,52.0,52.0,69.5,,,,,8092.0,10.0,11580.0,5220.0,4527.0,10.0,16.0,-6.0,170.0,127.0,43.0,0.0,37.0,4564.0,2023.0,2895.0,8092.0,10.0,11580.0,14.0,8092.0,10.0,11580.0,11.0,,,,,,,,,,,
2024,Waldenburg,241.0,185.0,58.0,35.0,22.0,10.0,389.0,773.0,,,2024.0,2895.0,2024.0,2895.0,0.0,55.0,55.0,69.5,,,,,8096.0,10.0,11580.0,5220.0,4652.0,6.0,9.0,-3.0,142.0,146.0,-4.0,0.0,-7.0,4645.0,2024.0,2895.0,6072.0,6.0,8685.0,4.0,6072.0,7.0,8685.0,4.0,,,,,,,,,,,
2025,Waldenburg,,,,,,,,,,,,,,,,55.0,55.0,72.0,,,,,6075.0,6.0,8685.0,3915.0,3436.0,6.0,9.0,-3.0,123.0,113.0,10.0,0.0,7.0,3443.0,,,4050.0,3.0,5790.0,2.0,4050.0,3.0,5790.0,5.0,,,,,,,,,,,
